-- MySQL dump 10.13  Distrib 8.0.23, for Win64 (x86_64)
--
-- Host: 127.0.0.1    Database: vk
-- ------------------------------------------------------
-- Server version	8.0.22

/*!40101 SET @OLD_CHARACTER_SET_CLIENT=@@CHARACTER_SET_CLIENT */;
/*!40101 SET @OLD_CHARACTER_SET_RESULTS=@@CHARACTER_SET_RESULTS */;
/*!40101 SET @OLD_COLLATION_CONNECTION=@@COLLATION_CONNECTION */;
/*!50503 SET NAMES utf8 */;
/*!40103 SET @OLD_TIME_ZONE=@@TIME_ZONE */;
/*!40103 SET TIME_ZONE='+00:00' */;
/*!40014 SET @OLD_UNIQUE_CHECKS=@@UNIQUE_CHECKS, UNIQUE_CHECKS=0 */;
/*!40014 SET @OLD_FOREIGN_KEY_CHECKS=@@FOREIGN_KEY_CHECKS, FOREIGN_KEY_CHECKS=0 */;
/*!40101 SET @OLD_SQL_MODE=@@SQL_MODE, SQL_MODE='NO_AUTO_VALUE_ON_ZERO' */;
/*!40111 SET @OLD_SQL_NOTES=@@SQL_NOTES, SQL_NOTES=0 */;

--
-- Table structure for table `community`
--

DROP TABLE IF EXISTS `community`;
/*!40101 SET @saved_cs_client     = @@character_set_client */;
/*!50503 SET character_set_client = utf8mb4 */;
CREATE TABLE `community` (
  `id` int unsigned NOT NULL AUTO_INCREMENT,
  `name` varchar(45) CHARACTER SET utf8mb4 COLLATE utf8mb4_unicode_ci NOT NULL,
  `text` text CHARACTER SET utf8mb4 COLLATE utf8mb4_unicode_ci,
  `admin_id` int unsigned NOT NULL,
  `created_at` datetime NOT NULL DEFAULT CURRENT_TIMESTAMP,
  PRIMARY KEY (`id`),
  KEY `fk_community_user1_idx` (`admin_id`),
  CONSTRAINT `fk_community_user1` FOREIGN KEY (`admin_id`) REFERENCES `user` (`id`)
) ENGINE=InnoDB AUTO_INCREMENT=11 DEFAULT CHARSET=utf8mb4 COLLATE=utf8mb4_unicode_ci;
/*!40101 SET character_set_client = @saved_cs_client */;

--
-- Dumping data for table `community`
--

LOCK TABLES `community` WRITE;
/*!40000 ALTER TABLE `community` DISABLE KEYS */;
INSERT INTO `community` VALUES (1,'doloremque','Et voluptatem rem praesentium ut ad. Occaecati ut quidem esse velit sed. Dolore enim labore laudantium nulla suscipit a deserunt.',43,'2008-03-21 11:30:41'),(2,'quia','Optio voluptas facere qui. Et dolorem doloribus autem nulla. Ea sapiente necessitatibus vel eius beatae non.',28,'1979-10-16 04:53:54'),(3,'nostrum','Sequi sit eius ut velit ut eum error in. Tenetur ex laboriosam architecto accusamus. Itaque eligendi delectus qui vitae. Eum cumque cupiditate molestiae repellendus cum aut.',11,'1982-10-22 15:36:11'),(4,'ducimus','Sint enim dolor saepe odio. Qui quis et ut aliquid rerum. Tempore occaecati eius ipsa eius ducimus.',39,'2015-03-16 23:08:55'),(5,'numquam','Voluptatibus omnis molestiae et id quae. Laborum quasi sit aspernatur magni asperiores voluptatem voluptatum. Labore quos est sed necessitatibus autem deleniti tenetur.',66,'1979-10-05 03:57:01'),(6,'molestiae','Qui provident et magni quaerat voluptate consequatur. Nobis tempore doloribus repellat sed quaerat est. Quis debitis quis et.',46,'2003-09-26 13:29:48'),(7,'culpa','Sit ipsam in consectetur sed dolore sapiente. Quo et occaecati quidem sit autem doloribus. Doloribus maiores et alias cumque ipsa nobis. Et id accusamus nulla nobis.',48,'2019-09-08 02:35:01'),(8,'aut','Labore mollitia qui modi eos et quos voluptate et. Deserunt quos nihil dolorem sunt sit eligendi libero ea. Natus at enim vel est.',43,'2020-03-28 14:39:38'),(9,'quo','Exercitationem blanditiis nemo non deserunt cum voluptates omnis. Et et dolorum similique.',79,'1977-07-08 01:03:08'),(10,'repellendus','Sint ad similique et rem ut corrupti voluptates. Expedita ex numquam autem fuga. Cum voluptatem laudantium id vitae. Minima quasi aut asperiores aut nihil.',22,'2004-01-11 21:01:33');
/*!40000 ALTER TABLE `community` ENABLE KEYS */;
UNLOCK TABLES;

--
-- Table structure for table `friend_request`
--

DROP TABLE IF EXISTS `friend_request`;
/*!40101 SET @saved_cs_client     = @@character_set_client */;
/*!50503 SET character_set_client = utf8mb4 */;
CREATE TABLE `friend_request` (
  `from_user_id` int unsigned NOT NULL,
  `to_user_id` int unsigned NOT NULL,
  `status` tinyint(1) NOT NULL DEFAULT '0' COMMENT '-1 - отклонен\n0 - запрос\n1 - дружба',
  `created_at` datetime NOT NULL DEFAULT CURRENT_TIMESTAMP,
  `updated_at` datetime DEFAULT NULL ON UPDATE CURRENT_TIMESTAMP,
  PRIMARY KEY (`from_user_id`,`to_user_id`),
  KEY `fk_friend_request_user1_idx` (`from_user_id`),
  KEY `fk_friend_request_user2_idx` (`to_user_id`),
  CONSTRAINT `fk_friend_request_user1` FOREIGN KEY (`from_user_id`) REFERENCES `user` (`id`),
  CONSTRAINT `fk_friend_request_user2` FOREIGN KEY (`to_user_id`) REFERENCES `user` (`id`)
) ENGINE=InnoDB DEFAULT CHARSET=utf8mb4 COLLATE=utf8mb4_unicode_ci;
/*!40101 SET character_set_client = @saved_cs_client */;

--
-- Dumping data for table `friend_request`
--

LOCK TABLES `friend_request` WRITE;
/*!40000 ALTER TABLE `friend_request` DISABLE KEYS */;
INSERT INTO `friend_request` VALUES (1,19,1,'1997-07-30 16:37:15','2014-11-05 20:04:48'),(1,98,1,'1971-01-26 14:31:02','2021-03-01 00:08:01'),(2,5,0,'1978-01-24 07:42:37',NULL),(3,2,0,'1981-03-21 11:46:14',NULL),(4,94,1,'1991-05-24 01:52:15','2021-03-01 00:08:01'),(4,98,-1,'2005-10-02 14:18:27','1990-09-25 16:40:22'),(5,15,-1,'1978-04-01 12:44:04','2021-03-01 00:08:01'),(6,94,0,'2000-10-14 10:32:38',NULL),(7,21,-1,'1995-10-28 02:55:42','2014-02-14 10:57:42'),(8,35,0,'2020-03-14 05:48:25','2002-09-28 17:59:40'),(8,49,-1,'1992-07-16 20:59:34','2015-04-04 08:25:17'),(9,62,1,'1980-02-06 03:06:13','1980-02-03 23:20:24'),(9,68,0,'2014-06-15 15:55:32','1987-09-27 07:58:28'),(10,32,0,'1993-10-14 04:03:26',NULL),(10,94,0,'1992-08-19 16:55:07','1992-12-23 02:35:14'),(12,34,1,'1994-01-11 02:28:07','2021-03-01 00:08:01'),(12,49,1,'1984-01-16 08:39:22','1996-02-17 20:41:48'),(12,61,1,'1990-01-10 18:18:35','2021-03-01 00:08:01'),(14,60,-1,'1991-08-18 15:16:07','1999-04-12 14:55:59'),(17,85,-1,'1984-04-08 06:34:11','2021-03-01 00:08:01'),(17,88,1,'1986-11-11 02:41:07','1976-03-13 11:50:54'),(18,34,1,'1994-12-30 04:07:39','1992-02-26 22:07:24'),(21,16,-1,'2004-12-18 21:05:01','1982-06-15 19:01:41'),(22,28,1,'1971-07-17 08:39:13','1984-01-28 21:57:14'),(22,59,1,'2015-07-27 05:29:02','2001-07-31 17:12:02'),(24,47,0,'2010-09-27 19:30:27',NULL),(24,51,-1,'1994-05-30 15:48:07','1981-04-23 02:05:38'),(26,12,0,'1996-01-12 06:50:58','1997-10-25 23:42:40'),(27,83,1,'1989-01-08 11:39:39','2021-03-01 00:08:01'),(28,32,1,'2009-01-19 14:28:35','2021-03-01 00:08:01'),(28,83,-1,'2001-03-11 17:22:09','2021-03-01 00:08:01'),(29,12,-1,'1975-05-25 22:58:14','2014-09-05 10:42:36'),(29,51,0,'2013-05-24 07:17:02','1971-04-29 04:33:10'),(30,75,1,'1991-06-25 00:22:58','2002-03-18 02:45:25'),(32,58,-1,'2014-09-02 01:07:22','2021-03-01 00:08:01'),(32,86,-1,'1984-11-29 06:35:27','2016-11-06 21:22:57'),(33,32,1,'2017-09-16 08:08:28','2018-03-31 01:08:39'),(34,75,0,'1992-07-10 17:23:13',NULL),(35,97,-1,'2003-02-18 03:14:51','1976-01-08 06:26:41'),(36,16,-1,'1978-12-09 15:03:04','2005-01-04 07:32:42'),(36,95,1,'1981-11-23 23:35:19','2021-03-01 00:08:01'),(37,14,1,'1985-09-08 00:35:45','1973-05-10 02:23:53'),(37,18,1,'2003-01-02 03:35:11','2021-03-01 00:08:01'),(38,38,1,'2019-09-13 00:21:47','2021-03-01 00:08:01'),(40,22,1,'1999-06-09 09:38:08','2021-03-01 00:08:01'),(41,16,0,'1984-10-16 20:52:50','1996-07-01 22:58:56'),(42,12,0,'2001-06-18 21:32:33','1994-09-16 15:12:57'),(43,20,-1,'1982-11-04 18:13:58','2020-01-30 19:59:05'),(44,75,0,'2016-07-13 20:18:49','1976-01-31 01:50:18'),(46,58,-1,'1983-12-15 12:24:06','2021-03-01 00:08:01'),(46,86,0,'1995-03-14 03:36:00',NULL),(47,40,1,'1985-06-29 10:45:01','2003-02-06 04:02:44'),(48,86,-1,'1995-02-28 11:50:37','1982-04-30 21:17:57'),(49,55,0,'1994-07-12 04:03:04',NULL),(49,72,0,'1975-04-26 22:37:17','2019-08-09 11:19:47'),(50,92,0,'1983-07-19 13:40:27','1974-03-14 18:42:53'),(52,29,1,'1986-01-12 12:44:02','1987-12-11 03:58:57'),(52,74,0,'2008-09-10 10:26:09',NULL),(52,75,1,'2008-08-08 23:23:10','1998-03-08 18:05:11'),(54,64,1,'1975-05-03 14:09:29','2021-03-01 00:08:01'),(59,42,0,'1996-04-11 01:11:00',NULL),(61,34,1,'1973-02-20 05:00:01','1978-10-07 11:51:35'),(61,37,0,'1996-05-20 07:57:43',NULL),(61,66,1,'1992-02-04 11:13:16','1978-04-04 02:58:52'),(62,64,-1,'1997-07-10 12:24:51','2002-09-20 20:57:35'),(63,82,1,'1999-06-17 15:40:27','2021-03-01 00:08:01'),(63,96,1,'1977-03-22 09:53:19','2021-03-01 00:08:01'),(66,63,-1,'2017-04-30 14:31:14','2021-03-01 00:08:01'),(66,65,-1,'2016-03-13 03:29:18','1998-05-16 00:57:41'),(67,56,1,'2009-05-22 16:17:29','2021-03-01 00:08:01'),(67,70,-1,'2017-03-01 20:52:01','2021-03-01 00:08:01'),(68,4,-1,'2001-08-13 01:41:12','2006-12-29 06:25:07'),(68,17,0,'1979-09-04 20:27:50',NULL),(69,34,1,'2014-10-22 06:33:04','1990-09-12 10:55:59'),(69,47,0,'2010-11-13 19:30:55','1997-10-16 18:33:52'),(72,39,-1,'2018-12-15 21:06:22','2021-03-01 00:08:01'),(72,79,0,'1975-10-19 17:36:01','1989-04-12 06:19:43'),(72,91,0,'1991-09-29 22:08:19','1990-08-03 00:52:45'),(74,72,1,'1997-04-26 00:13:00','2015-06-03 23:10:13'),(74,77,1,'2015-01-13 03:14:34','2004-11-16 14:46:56'),(77,37,-1,'2013-02-06 05:03:11','2017-03-12 20:19:53'),(79,91,1,'1992-07-25 18:21:38','2005-03-21 09:17:34'),(80,38,-1,'2019-11-08 06:06:05','1980-09-15 07:49:14'),(82,46,0,'2012-05-10 03:04:10','1988-03-01 15:05:27'),(82,75,1,'1986-08-17 10:29:18','1987-04-25 11:15:16'),(85,5,1,'1972-10-24 14:13:01','2021-03-01 00:08:01'),(87,12,-1,'1992-12-22 07:05:42','1978-12-11 17:28:52'),(87,97,1,'1976-06-25 06:10:08','2021-03-01 00:08:01'),(88,3,0,'1972-04-18 11:06:56','1997-07-24 13:04:34'),(89,28,0,'2006-01-30 01:59:16',NULL),(90,13,-1,'1996-06-07 01:03:19','2021-03-01 00:08:01'),(91,80,1,'2012-04-17 10:43:21','1978-11-09 17:46:38'),(92,38,1,'1973-01-12 01:15:11','2021-03-01 00:08:01'),(92,77,-1,'1981-09-26 07:36:08','1988-01-01 16:34:21'),(93,5,-1,'2009-12-29 14:21:32','1978-08-16 06:18:34'),(93,13,-1,'1983-09-15 22:09:36','2021-03-01 00:08:01'),(97,20,-1,'2009-12-09 05:42:52','2000-03-26 03:32:30'),(98,49,-1,'1986-07-06 05:15:02','2021-03-01 00:08:01'),(98,54,0,'2019-06-30 11:50:09',NULL),(99,64,0,'1980-12-18 20:38:26','2009-03-03 18:41:21');
/*!40000 ALTER TABLE `friend_request` ENABLE KEYS */;
UNLOCK TABLES;

--
-- Table structure for table `like_media`
--

DROP TABLE IF EXISTS `like_media`;
/*!40101 SET @saved_cs_client     = @@character_set_client */;
/*!50503 SET character_set_client = utf8mb4 */;
CREATE TABLE `like_media` (
  `user_id` int unsigned NOT NULL,
  `media_id` int unsigned NOT NULL,
  PRIMARY KEY (`user_id`,`media_id`),
  KEY `fk_like_media_id_idx` (`media_id`),
  CONSTRAINT `fk_like_media_id` FOREIGN KEY (`media_id`) REFERENCES `media` (`media_type_id`),
  CONSTRAINT `fk_like_user_id` FOREIGN KEY (`user_id`) REFERENCES `user` (`id`)
) ENGINE=InnoDB DEFAULT CHARSET=utf8mb4 COLLATE=utf8mb4_unicode_ci;
/*!40101 SET character_set_client = @saved_cs_client */;

--
-- Dumping data for table `like_media`
--

LOCK TABLES `like_media` WRITE;
/*!40000 ALTER TABLE `like_media` DISABLE KEYS */;
INSERT INTO `like_media` VALUES (26,2),(39,2);
/*!40000 ALTER TABLE `like_media` ENABLE KEYS */;
UNLOCK TABLES;

--
-- Table structure for table `like_post`
--

DROP TABLE IF EXISTS `like_post`;
/*!40101 SET @saved_cs_client     = @@character_set_client */;
/*!50503 SET character_set_client = utf8mb4 */;
CREATE TABLE `like_post` (
  `user_id` int unsigned NOT NULL,
  `post_id` int unsigned NOT NULL,
  PRIMARY KEY (`user_id`,`post_id`),
  KEY `fk_like_post_post_id_idx` (`post_id`),
  CONSTRAINT `fk_like_post_post_id` FOREIGN KEY (`post_id`) REFERENCES `post` (`id`),
  CONSTRAINT `fk_like_post_user_id` FOREIGN KEY (`user_id`) REFERENCES `user` (`id`)
) ENGINE=InnoDB DEFAULT CHARSET=utf8mb4 COLLATE=utf8mb4_unicode_ci;
/*!40101 SET character_set_client = @saved_cs_client */;

--
-- Dumping data for table `like_post`
--

LOCK TABLES `like_post` WRITE;
/*!40000 ALTER TABLE `like_post` DISABLE KEYS */;
INSERT INTO `like_post` VALUES (58,1),(18,2),(54,2),(84,2),(71,3),(97,3),(98,3),(82,4),(49,5),(69,6),(32,10),(24,14),(30,15),(59,15),(79,16),(94,16),(12,17),(28,17),(87,17),(5,19),(24,22),(30,27),(69,30),(40,31),(72,35),(84,37),(15,39),(23,39),(52,39),(71,39),(67,40),(86,40),(91,42),(21,43),(47,43),(4,45),(9,45),(3,46),(10,46),(19,49),(50,49),(51,49),(74,49),(51,51),(27,54),(29,54),(43,54),(56,54),(13,56),(77,59),(6,60),(86,60),(55,61),(56,61),(43,62),(82,64),(25,65),(31,65),(77,65),(56,66),(39,67),(62,67),(58,68),(9,69),(33,70),(42,72),(65,72),(94,72),(53,75),(58,75),(96,75),(99,75),(20,80),(25,80),(67,80),(98,80),(24,81),(100,81),(44,82),(58,82),(40,85),(93,89),(21,90),(28,91),(47,91),(99,91),(24,92),(47,93),(88,93),(16,94),(35,94),(59,94),(62,94),(64,95),(29,97),(36,97),(47,97),(14,98),(54,100);
/*!40000 ALTER TABLE `like_post` ENABLE KEYS */;
UNLOCK TABLES;

--
-- Table structure for table `like_user`
--

DROP TABLE IF EXISTS `like_user`;
/*!40101 SET @saved_cs_client     = @@character_set_client */;
/*!50503 SET character_set_client = utf8mb4 */;
CREATE TABLE `like_user` (
  `from_user_id` int unsigned NOT NULL,
  `to_user_id` int unsigned NOT NULL,
  PRIMARY KEY (`from_user_id`,`to_user_id`),
  KEY `fk_user_has_user1_user2_idx` (`to_user_id`),
  KEY `fk_user_has_user1_user1_idx` (`from_user_id`),
  CONSTRAINT `fk_user_has_user1_user1` FOREIGN KEY (`from_user_id`) REFERENCES `user` (`id`),
  CONSTRAINT `fk_user_has_user1_user2` FOREIGN KEY (`to_user_id`) REFERENCES `user` (`id`)
) ENGINE=InnoDB DEFAULT CHARSET=utf8mb4 COLLATE=utf8mb4_unicode_ci;
/*!40101 SET character_set_client = @saved_cs_client */;

--
-- Dumping data for table `like_user`
--

LOCK TABLES `like_user` WRITE;
/*!40000 ALTER TABLE `like_user` DISABLE KEYS */;
INSERT INTO `like_user` VALUES (43,1),(87,1),(93,1),(80,4),(47,5),(26,7),(70,9),(9,11),(11,12),(84,12),(96,12),(25,13),(52,13),(73,13),(3,16),(56,17),(10,18),(40,18),(50,18),(52,18),(41,19),(7,23),(48,24),(52,24),(28,29),(10,31),(20,31),(82,33),(90,35),(2,36),(88,36),(56,38),(58,38),(98,38),(81,40),(63,41),(1,42),(7,43),(59,44),(78,47),(67,48),(16,49),(25,50),(70,50),(48,51),(92,51),(100,51),(5,53),(8,55),(91,56),(68,57),(51,58),(22,61),(50,63),(11,64),(87,64),(16,66),(12,68),(46,69),(53,70),(71,70),(15,72),(8,74),(20,74),(69,74),(1,75),(41,75),(2,76),(34,77),(52,77),(56,77),(17,78),(20,78),(87,80),(99,81),(97,83),(72,84),(55,85),(73,86),(89,86),(13,87),(44,88),(65,88),(9,89),(45,89),(71,89),(48,91),(61,93),(92,93),(15,97),(69,98),(50,99);
/*!40000 ALTER TABLE `like_user` ENABLE KEYS */;
UNLOCK TABLES;

--
-- Table structure for table `media`
--

DROP TABLE IF EXISTS `media`;
/*!40101 SET @saved_cs_client     = @@character_set_client */;
/*!50503 SET character_set_client = utf8mb4 */;
CREATE TABLE `media` (
  `id` int unsigned NOT NULL AUTO_INCREMENT,
  `media_type_id` int unsigned NOT NULL,
  `user_id` int unsigned DEFAULT NULL,
  `url` varchar(145) CHARACTER SET utf8mb4 COLLATE utf8mb4_unicode_ci DEFAULT NULL COMMENT '/files/img/2020-01-01/img.png',
  `file` blob,
  `created_at` datetime NOT NULL DEFAULT CURRENT_TIMESTAMP,
  PRIMARY KEY (`id`),
  KEY `fk_media_media_type1_idx` (`media_type_id`),
  KEY `fk_media_user1_idx` (`user_id`),
  CONSTRAINT `fk_media_media_type1` FOREIGN KEY (`media_type_id`) REFERENCES `media_type` (`id`),
  CONSTRAINT `fk_media_user1` FOREIGN KEY (`user_id`) REFERENCES `user` (`id`)
) ENGINE=InnoDB AUTO_INCREMENT=101 DEFAULT CHARSET=utf8mb4 COLLATE=utf8mb4_unicode_ci;
/*!40101 SET character_set_client = @saved_cs_client */;

--
-- Dumping data for table `media`
--

LOCK TABLES `media` WRITE;
/*!40000 ALTER TABLE `media` DISABLE KEYS */;
INSERT INTO `media` VALUES (1,2,24,'application/x-tar',NULL,'2006-04-28 11:34:00'),(2,3,76,'application/x-mie',NULL,'1984-05-05 04:30:14'),(3,3,44,'application/x-cfs-compressed',NULL,'2013-09-09 06:40:00'),(4,1,63,'application/vnd.ms-ims',NULL,'2014-01-16 17:01:50'),(5,1,34,'text/plain',NULL,'2010-06-17 22:00:04'),(6,2,56,'video/vnd.dece.mobile',NULL,'1971-12-21 22:36:08'),(7,1,36,'text/vnd.in3d.3dml',NULL,'2010-01-19 06:21:16'),(8,3,24,'video/jpm',NULL,'2019-08-18 18:15:26'),(9,2,59,'application/vnd.epson.msf',NULL,'2003-08-12 09:37:17'),(10,1,72,'application/vnd.oasis.opendocument.database',NULL,'1990-03-16 11:23:51'),(11,3,62,'application/vnd.openxmlformats-officedocument.wordprocessingml.template',NULL,'1983-12-29 16:29:32'),(12,3,44,'video/vnd.dece.pd',NULL,'2007-05-25 03:18:30'),(13,3,28,'image/tiff',NULL,'2013-10-22 03:15:41'),(14,1,66,'audio/mp4',NULL,'1981-04-24 18:56:39'),(15,3,3,'application/x-mie',NULL,'2001-02-13 10:50:05'),(16,1,6,'model/mesh',NULL,'2014-09-17 05:18:19'),(17,1,74,'application/vnd.oasis.opendocument.image-template',NULL,'1995-12-26 22:12:54'),(18,2,1,'text/prs.lines.tag',NULL,'2004-01-07 08:44:17'),(19,1,75,'image/vnd.fastbidsheet',NULL,'1990-01-31 04:21:10'),(20,1,28,'application/vnd.sun.xml.impress',NULL,'2004-06-21 17:13:00'),(21,1,86,'video/3gpp2',NULL,'1973-11-07 20:19:27'),(22,1,67,'application/ogg',NULL,'1983-05-16 02:54:04'),(23,2,64,'application/vnd.fdsn.mseed',NULL,'1994-07-28 16:59:29'),(24,2,97,'application/vnd.pvi.ptid1',NULL,'1989-07-12 12:00:56'),(25,1,4,'application/xspf+xml',NULL,'1998-06-22 13:19:21'),(26,2,9,'text/richtext',NULL,'1994-01-27 14:30:21'),(27,2,37,'application/vnd.wap.wmlscriptc',NULL,'1990-12-15 04:49:03'),(28,2,36,'application/atom+xml',NULL,'2000-02-12 17:59:22'),(29,2,21,'image/x-portable-anymap',NULL,'2002-10-04 09:56:57'),(30,2,92,'application/x-install-instructions',NULL,'1974-03-06 12:09:38'),(31,2,10,'application/msword',NULL,'1993-03-09 14:26:40'),(32,3,32,'application/x-xz',NULL,'2018-12-12 05:05:51'),(33,3,8,'text/x-pascal',NULL,'1985-10-05 21:33:08'),(34,2,18,'application/vnd.oasis.opendocument.formula',NULL,'1983-12-16 13:55:39'),(35,2,52,'application/vnd.las.las+xml',NULL,'1990-11-22 01:26:46'),(36,2,66,'application/x-lzh-compressed',NULL,'2010-12-16 09:55:56'),(37,2,50,'video/vnd.ms-playready.media.pyv',NULL,'1975-03-19 20:18:29'),(38,2,32,'application/vnd.openxmlformats-officedocument.presentationml.slide',NULL,'1986-01-19 17:44:55'),(39,2,33,'application/vnd.triscape.mxs',NULL,'1975-07-29 05:10:11'),(40,1,99,'application/yang',NULL,'1973-01-01 15:07:57'),(41,2,25,'image/x-cmu-raster',NULL,'1980-07-11 00:46:50'),(42,1,71,'application/x-sql',NULL,'1992-02-22 05:00:05'),(43,2,55,'video/x-ms-wm',NULL,'1974-06-02 18:54:56'),(44,2,62,'application/vnd.dece.ttml+xml',NULL,'1981-03-31 03:28:12'),(45,1,91,'application/x-tcl',NULL,'2009-02-21 02:07:32'),(46,2,5,'image/svg+xml',NULL,'1972-11-13 17:40:22'),(47,3,42,'image/svg+xml',NULL,'2000-06-03 06:17:57'),(48,2,4,'application/vnd.ms-excel.addin.macroenabled.12',NULL,'2019-08-31 06:52:25'),(49,3,59,'application/vnd.ahead.space',NULL,'2015-03-11 11:38:32'),(50,2,23,'application/x-latex',NULL,'1977-10-27 19:51:02'),(51,3,88,'text/x-vcard',NULL,'2015-12-03 02:08:42'),(52,1,28,'image/g3fax',NULL,'1978-05-29 07:42:54'),(53,1,60,'application/vnd.oasis.opendocument.presentation',NULL,'2011-05-01 06:17:58'),(54,3,71,'application/x-tex-tfm',NULL,'2004-10-16 15:18:11'),(55,2,90,'application/x-rar-compressed',NULL,'1981-09-10 04:01:45'),(56,1,46,'application/vnd.tcpdump.pcap',NULL,'1999-07-07 05:08:20'),(57,3,40,'application/vnd.dolby.mlp',NULL,'1976-02-13 17:31:52'),(58,3,80,'application/atom+xml',NULL,'2019-10-11 22:38:54'),(59,2,66,'application/vnd.lotus-approach',NULL,'1983-08-11 20:43:40'),(60,2,32,'application/epub+zip',NULL,'2010-12-25 03:08:05'),(61,2,96,'application/x-lzh-compressed',NULL,'1997-12-07 02:45:36'),(62,1,75,'application/x-chat',NULL,'1983-01-22 05:29:00'),(63,3,82,'application/vnd.ms-project',NULL,'1998-02-22 07:29:48'),(64,1,83,'application/x-font-woff',NULL,'1983-04-10 22:08:33'),(65,1,77,'audio/ogg',NULL,'1980-03-17 02:31:57'),(66,3,48,'application/x-conference',NULL,'2000-03-16 01:21:37'),(67,1,95,'application/vnd.xfdl',NULL,'2007-07-17 23:10:04'),(68,1,72,'application/mp4',NULL,'1993-03-01 15:21:57'),(69,2,75,'application/vnd.fdsn.mseed',NULL,'1995-06-07 01:27:19'),(70,2,54,'application/mp4',NULL,'1985-01-06 19:00:22'),(71,1,31,'application/vnd.seemail',NULL,'1978-09-17 21:15:16'),(72,3,64,'video/x-f4v',NULL,'1973-10-16 20:13:33'),(73,3,82,'application/vnd.kde.kspread',NULL,'2009-08-23 21:45:28'),(74,2,7,'application/vnd.wap.wmlc',NULL,'1970-06-29 00:52:44'),(75,2,37,'video/x-ms-wm',NULL,'2011-12-04 15:36:45'),(76,2,70,'application/vnd.uoml+xml',NULL,'1999-11-23 01:21:42'),(77,3,84,'application/vnd.oasis.opendocument.graphics-template',NULL,'2015-01-14 15:21:09'),(78,3,26,'application/vnd.ms-powerpoint.addin.macroenabled.12',NULL,'1994-10-18 04:53:19'),(79,2,93,'text/x-opml',NULL,'1987-04-16 13:06:43'),(80,2,40,'text/plain',NULL,'1991-06-16 19:58:20'),(81,3,52,'application/vnd.vsf',NULL,'1990-02-01 21:25:51'),(82,3,88,'application/x-lzh-compressed',NULL,'2012-02-22 01:54:18'),(83,1,3,'application/vnd.shana.informed.formdata',NULL,'1970-05-05 09:04:33'),(84,2,27,'audio/x-ms-wma',NULL,'2013-07-11 09:27:50'),(85,2,3,'text/tab-separated-values',NULL,'2014-11-22 07:30:02'),(86,2,65,'application/pls+xml',NULL,'2004-10-15 17:03:51'),(87,1,93,'application/vnd.oasis.opendocument.chart-template',NULL,'1976-12-29 00:18:17'),(88,1,81,'video/vnd.dvb.file',NULL,'1983-12-27 17:52:39'),(89,2,43,'application/vnd.ms-powerpoint.slideshow.macroenabled.12',NULL,'1993-03-14 15:47:11'),(90,1,51,'video/vnd.fvt',NULL,'2006-11-25 19:42:30'),(91,2,96,'application/vnd.syncml+xml',NULL,'1983-07-03 02:17:09'),(92,2,38,'image/vnd.dece.graphic',NULL,'2017-05-23 02:23:03'),(93,3,39,'application/vnd.epson.salt',NULL,'1990-08-25 06:22:38'),(94,2,43,'application/x-conference',NULL,'1973-10-23 23:49:04'),(95,1,35,'application/vnd.wolfram.player',NULL,'2007-01-29 23:08:34'),(96,1,74,'application/x-chat',NULL,'1992-10-26 11:21:22'),(97,2,40,'application/vnd.oasis.opendocument.text-template',NULL,'1999-06-21 02:33:44'),(98,1,29,'image/vnd.dxf',NULL,'1976-08-28 14:52:30'),(99,2,92,'application/x-install-instructions',NULL,'1994-05-09 06:30:21'),(100,2,32,'application/widget',NULL,'1995-06-05 02:43:00');
/*!40000 ALTER TABLE `media` ENABLE KEYS */;
UNLOCK TABLES;

--
-- Table structure for table `media_type`
--

DROP TABLE IF EXISTS `media_type`;
/*!40101 SET @saved_cs_client     = @@character_set_client */;
/*!50503 SET character_set_client = utf8mb4 */;
CREATE TABLE `media_type` (
  `id` int unsigned NOT NULL AUTO_INCREMENT,
  `name` varchar(45) CHARACTER SET utf8mb4 COLLATE utf8mb4_unicode_ci NOT NULL,
  PRIMARY KEY (`id`)
) ENGINE=InnoDB AUTO_INCREMENT=4 DEFAULT CHARSET=utf8mb4 COLLATE=utf8mb4_unicode_ci;
/*!40101 SET character_set_client = @saved_cs_client */;

--
-- Dumping data for table `media_type`
--

LOCK TABLES `media_type` WRITE;
/*!40000 ALTER TABLE `media_type` DISABLE KEYS */;
INSERT INTO `media_type` VALUES (1,'image'),(2,'audio'),(3,'audio');
/*!40000 ALTER TABLE `media_type` ENABLE KEYS */;
UNLOCK TABLES;

--
-- Table structure for table `message`
--

DROP TABLE IF EXISTS `message`;
/*!40101 SET @saved_cs_client     = @@character_set_client */;
/*!50503 SET character_set_client = utf8mb4 */;
CREATE TABLE `message` (
  `id` int unsigned NOT NULL AUTO_INCREMENT,
  `from_user_id` int unsigned NOT NULL,
  `to_user_id` int unsigned NOT NULL,
  `text` text CHARACTER SET utf8mb4 COLLATE utf8mb4_unicode_ci,
  `created_at` datetime NOT NULL DEFAULT CURRENT_TIMESTAMP,
  `read_at` datetime DEFAULT NULL,
  `updated_at` datetime DEFAULT NULL ON UPDATE CURRENT_TIMESTAMP,
  `deleted_at` datetime DEFAULT NULL,
  `media_id` int unsigned NOT NULL,
  PRIMARY KEY (`id`),
  KEY `fk_message_user1_idx` (`from_user_id`),
  KEY `fk_message_user2_idx` (`to_user_id`),
  KEY `fk_message_media1_idx` (`media_id`),
  CONSTRAINT `fk_message_media1` FOREIGN KEY (`media_id`) REFERENCES `media` (`id`),
  CONSTRAINT `fk_message_user1` FOREIGN KEY (`from_user_id`) REFERENCES `user` (`id`),
  CONSTRAINT `fk_message_user2` FOREIGN KEY (`to_user_id`) REFERENCES `user` (`id`)
) ENGINE=InnoDB AUTO_INCREMENT=102 DEFAULT CHARSET=utf8mb4 COLLATE=utf8mb4_unicode_ci;
/*!40101 SET character_set_client = @saved_cs_client */;

--
-- Dumping data for table `message`
--

LOCK TABLES `message` WRITE;
/*!40000 ALTER TABLE `message` DISABLE KEYS */;
INSERT INTO `message` VALUES (1,80,33,'Aliquid ut quasi aut sint. Blanditiis natus modi aperiam sed quis. Voluptas sint dolore minus at.','2006-08-03 07:51:34','1976-04-29 21:40:49',NULL,NULL,46),(2,95,21,'Quisquam qui aut sapiente laudantium. Aut et error ratione. Reiciendis labore eaque quaerat et id vel quisquam rerum. Maiores saepe deleniti magnam quia tempora tempore excepturi.','1970-02-01 21:21:53','1970-08-10 16:24:55','1989-12-18 22:11:17',NULL,91),(3,79,35,'Ut est ipsam excepturi maxime est iste est. Neque iusto ducimus quis suscipit eos autem excepturi est.','2011-02-11 21:27:41','2008-04-15 04:01:31','1998-11-17 02:07:07',NULL,12),(4,87,79,'Occaecati ut earum suscipit et eos. Consequatur temporibus enim quas doloribus quis molestiae. Et consequatur consequatur necessitatibus.','1991-03-01 01:39:35','2015-06-08 08:46:35','2003-09-11 13:05:52',NULL,5),(5,81,71,'Iste non ad incidunt debitis ea maxime. Sit id sunt mollitia repellendus. Et odio velit impedit. Numquam repellat id esse ab repellat. Ut earum doloremque officiis sequi.','1980-04-08 05:33:17','2012-08-15 06:16:55','1985-12-20 07:30:20',NULL,85),(10,73,19,'Maxime inventore dolorem quis quia nemo atque. Vel sunt sed occaecati sit quis omnis dolorum fuga. Nemo nam fugit labore.','2003-07-02 22:05:16','2009-12-15 01:20:34',NULL,NULL,79),(11,4,66,'Nemo similique velit sit amet. Esse ipsam atque laborum sed. Delectus molestiae ipsa a similique qui est omnis itaque. Rem voluptas sequi sint aut et delectus.','1978-09-20 00:17:26','1987-07-04 19:47:26','1982-01-13 19:53:44',NULL,82),(12,86,43,'Sed reprehenderit sunt et totam id. Officiis totam ut qui rem nihil aliquid. Omnis dolore est qui minima aspernatur ea et sunt. Vel doloribus suscipit ut ullam.','2014-05-15 03:54:01','1971-08-19 18:28:09',NULL,NULL,98),(13,91,65,'Fugit non architecto incidunt qui nisi non omnis. Fuga aspernatur iusto aut velit repudiandae. Dolore harum qui magnam eveniet nemo. Vero illum sed doloribus quae consequatur nulla molestiae.','2013-05-13 02:16:40','1999-06-09 17:56:18',NULL,NULL,11),(14,5,62,'Aspernatur possimus occaecati quaerat temporibus in molestias. Ad quaerat voluptatem ullam atque eaque. Atque fugit aperiam error hic nihil rerum.','1994-09-08 04:01:23','1994-11-06 14:56:38','1981-09-15 05:03:50',NULL,52),(15,85,68,'Ab sequi incidunt quisquam doloremque. Iusto et sit voluptas aut repellendus animi non voluptatem. Fugit voluptatum ea accusamus maiores in.','2016-03-24 03:15:43','1975-05-19 11:29:07','2003-10-14 21:13:18',NULL,88),(16,12,18,'Quam repellat fuga tempora et animi ut voluptates. Recusandae ad possimus voluptatum natus sed. Non blanditiis unde ut et delectus recusandae.','2017-02-27 23:12:27','2007-07-30 01:33:55',NULL,NULL,97),(17,69,15,'Dicta est et qui qui eos nisi. Veritatis enim et nobis.\nPlaceat qui saepe ut delectus. Quasi animi pariatur deserunt nihil ea. Esse qui animi molestiae commodi officiis non illum saepe.','1982-08-16 01:52:25','2009-03-03 04:30:05',NULL,NULL,70),(18,23,97,'Sunt veritatis iure ut numquam eos quod odit. Qui cumque non corrupti qui quidem. Facilis doloribus voluptas et similique.','2020-12-12 19:01:48','2005-12-18 10:40:58',NULL,NULL,72),(19,28,98,'Et fuga distinctio non nostrum. Suscipit et facere dolore quia vel sed quia. Maiores et aut qui est. Aliquam occaecati aliquam dolorem soluta rerum voluptate.','1970-07-26 11:13:26','1999-02-21 23:03:06',NULL,NULL,44),(20,71,35,'Aut non ad deserunt aut. Ea eveniet aut inventore quia quas dicta quae. Qui facere ut corrupti necessitatibus facilis omnis.','2017-09-24 00:11:40','2016-09-19 19:15:20',NULL,NULL,34),(21,76,35,'Dolorum saepe id sunt ipsum eum. Dolor magnam nihil nisi rerum est. Voluptatibus nobis iure sint quod dolor. Optio eaque sit ut a earum quas consectetur.','2003-06-08 10:56:50','1986-12-31 22:47:42',NULL,NULL,2),(22,14,21,'Quis quos facilis repudiandae est. Et numquam fugiat sunt dolor consequatur error itaque. Consequatur animi ex ducimus eos molestias deserunt.','2006-08-23 07:11:08','2012-04-20 01:02:02','2014-06-17 01:43:05',NULL,96),(23,13,39,'Veniam reprehenderit laboriosam sit alias dignissimos alias sequi. Qui dolor eos amet soluta sint. Assumenda quas facilis beatae officiis.','1993-08-15 15:56:43','2019-03-28 23:48:26',NULL,NULL,33),(24,71,92,'Et est aut fugit. Rerum et autem beatae esse vel nihil et. Et pariatur eos qui fuga assumenda qui nobis. Aliquid omnis soluta nesciunt dicta consequatur iste aspernatur.','2000-07-15 04:21:53','1988-10-04 10:03:33','1981-04-20 17:46:19',NULL,60),(25,71,63,'Enim dolores ad natus eligendi fuga nulla. Sed repudiandae tempora veritatis delectus fuga praesentium. Ipsa assumenda numquam soluta sed. Molestiae amet magni modi officiis aut vel.','1971-02-16 11:03:32','1996-01-24 21:31:07',NULL,NULL,81),(26,33,83,'Facilis in nesciunt voluptas et sed est. Modi facilis eum deleniti aut quia dolor sed autem. Neque nostrum in et quo. Aut consequuntur est non et quis animi molestias.','1997-04-08 13:20:36','1998-07-13 04:02:28',NULL,NULL,4),(27,68,88,'Ut eos aspernatur optio doloribus et perspiciatis. Eum ducimus laudantium vero libero. Consequatur quia laboriosam similique voluptatem.','1993-12-07 22:38:58','2015-05-11 22:03:15',NULL,NULL,31),(28,52,55,'Commodi est cum ut veritatis tenetur illum et. Dolorum provident et repellat assumenda. Earum voluptate suscipit blanditiis qui doloremque sit modi. Quod impedit enim est et est veritatis.','1970-05-07 15:40:32','1985-06-11 20:48:27','1994-09-06 14:03:07',NULL,89),(29,11,88,'Non quis non velit reprehenderit eum similique. Quos inventore incidunt maiores. Veniam hic itaque exercitationem perferendis quidem. Quaerat eos eaque occaecati ullam ut.','2001-04-08 22:43:42','1970-07-17 02:49:02',NULL,NULL,99),(30,88,12,'Dicta eum ipsam recusandae nesciunt fuga non. Voluptas et dolor nihil voluptas. Eius distinctio debitis expedita tenetur sunt saepe quod.','1971-11-23 08:25:45','2008-10-29 23:28:18',NULL,NULL,57),(31,22,47,'Soluta sed recusandae nihil. Veniam quisquam autem quisquam. Adipisci perspiciatis quia qui non iusto ducimus impedit.','1985-03-26 02:02:14','1999-06-12 11:03:41','2009-12-08 04:51:55',NULL,14),(32,99,75,'Voluptatem vitae praesentium ipsa placeat. Tempore reiciendis culpa corporis soluta. Blanditiis dolore non reprehenderit magnam illo.','2013-06-05 19:20:01','2018-10-18 18:05:50','2002-01-24 11:45:31',NULL,80),(33,1,89,'Eveniet dolores tempore ut nostrum doloribus veniam. Voluptatum dolorum quis adipisci quasi harum. Quo repellat consequatur et quod sed ad.','1988-01-26 20:02:11','1971-12-10 06:09:05',NULL,NULL,23),(34,44,72,'Est ab doloremque ullam eos voluptatibus mollitia. Veritatis perferendis aut quis fugiat voluptate. Tempore rerum beatae reprehenderit est quod.','2002-03-05 04:10:59','1984-12-19 12:01:18',NULL,NULL,32),(35,91,46,'Beatae labore earum aut omnis explicabo sit. Eaque magni enim quos labore. Dolorem illum corrupti aut qui voluptates aut voluptas. At beatae molestiae tempora qui.','1988-06-15 15:45:21','2002-02-15 08:49:12',NULL,NULL,77),(36,50,49,'Enim sed fugiat nisi eaque id sapiente iste. Illo neque ratione voluptatem voluptates. Et sint voluptas eaque tempora omnis qui. Dolorem consequatur minima sed corrupti vel temporibus.','1973-07-18 01:18:22','1974-07-30 11:29:26','2012-02-11 10:02:19',NULL,95),(37,13,50,'Doloremque eos ex officia praesentium. Et recusandae autem optio velit maxime nisi.','1984-08-09 17:52:39','2017-01-17 23:40:15','2009-06-06 00:33:19',NULL,29),(38,57,69,'Ab aut animi ullam laudantium. Sed ipsa explicabo est in consequatur doloremque. Qui accusamus quam distinctio fuga blanditiis magni sed. Ut numquam impedit reiciendis eos delectus sunt.','2002-06-26 00:44:51','1990-11-28 17:08:06','2005-10-29 07:42:47',NULL,22),(39,27,72,'Et vitae qui in vero quos. Porro aut vero sit vel asperiores at omnis. Rerum pariatur occaecati aperiam magnam fugiat omnis ipsum.','2003-04-15 16:35:30','2011-08-28 09:25:20',NULL,NULL,59),(40,61,89,'Dicta et perferendis illo quasi. Quam repellat architecto voluptates quibusdam temporibus assumenda.','2012-03-10 02:49:09','2019-06-15 07:37:09','1988-02-03 08:55:27',NULL,86),(41,50,62,'Iste ducimus mollitia aliquam ut fugit magnam veniam. Libero voluptatem nihil sit consequatur iste aut. Neque tempore quia delectus unde non dolor dolor dicta. Voluptatem odit ea et cum et nemo est.','2001-06-10 22:10:34','1975-10-09 22:51:44',NULL,NULL,16),(42,97,32,'Quasi omnis distinctio quo aut neque consequuntur laudantium cumque. Perferendis incidunt ad rerum ut culpa. Occaecati eligendi veniam repellendus. Est similique totam et minus aperiam.','2005-10-24 16:13:32','1975-12-24 12:50:39',NULL,NULL,54),(43,17,87,'Labore magni quis molestias sit consectetur. Dicta autem aut eligendi voluptas rerum. Distinctio et asperiores voluptatem commodi.','1989-12-25 11:31:55','2015-06-08 07:14:02',NULL,NULL,69),(44,53,23,'Voluptates aliquid aspernatur et qui. Voluptatum laudantium placeat eum eius sequi. Sunt aut numquam rerum et non quas nesciunt voluptas. Ea ut est incidunt repellendus.','1970-11-17 15:39:02','2011-12-05 16:00:45',NULL,NULL,47),(45,9,93,'Et aut et quisquam quis aut. Pariatur fugit consectetur et.\nSunt recusandae sunt consequatur sunt labore et laborum. Sint et vel delectus modi.','2002-08-29 00:14:43','2017-05-24 19:18:34',NULL,NULL,71),(46,63,84,'Aspernatur maiores incidunt explicabo esse. Omnis blanditiis modi minus sit ut quia dolorem. Et dolorum doloremque molestiae autem illo. Vel ea omnis aliquid minus delectus.','2017-02-14 06:02:37','2010-02-27 13:09:58','2019-10-24 21:56:39',NULL,87),(47,96,100,'Et quisquam maiores aut excepturi quo incidunt aut. Cupiditate omnis quidem non commodi. Earum illo doloribus mollitia quod eveniet.','1998-06-03 13:03:02','1979-03-14 12:19:05',NULL,NULL,18),(48,43,48,'Similique facilis quod autem. Esse magni reprehenderit voluptas et atque. Aut et non quas ipsum sit itaque rem sed. Aliquid quae mollitia quasi illo.','2002-07-23 04:56:14','2003-01-15 21:58:58',NULL,NULL,53),(49,89,92,'Aut at commodi beatae quo qui perferendis. Corporis recusandae et qui saepe possimus. Earum ipsum qui voluptatem soluta minus. Perspiciatis tempora fugiat debitis assumenda.','1982-08-03 23:40:19','1995-10-23 05:35:18','1977-03-07 07:17:24',NULL,100),(50,92,87,'Voluptas hic quo enim fugiat officia officia. Et reprehenderit dolores aut ea est. Inventore vitae voluptatem ratione nemo.','1976-12-17 04:50:13','2007-06-02 22:14:41','1976-03-28 21:17:04',NULL,1),(51,62,18,'Enim inventore incidunt accusantium numquam eum eum odio. Quas ipsa repellendus fugiat vel. Beatae perferendis quo ut sapiente.','1976-11-05 18:59:00','2008-10-01 02:44:36',NULL,NULL,7),(52,23,76,'Unde quos optio esse illum. Cum ex minus itaque numquam ipsam vel cumque. Aut in amet non aspernatur facilis ut quia ex.','2004-09-07 18:13:36','1991-08-03 04:33:28',NULL,NULL,76),(53,4,61,'Illo dolores eos aliquam ea esse. Iusto ut sit quibusdam qui.\nEt vel at eum occaecati numquam consequatur. Impedit alias quae qui asperiores libero quae. Ab beatae eveniet enim sit quis et quo.','2015-07-03 08:39:01','1972-04-12 19:53:52',NULL,NULL,25),(54,45,74,'Veniam eos nihil fuga aut sed quos hic. Illo saepe exercitationem quia quia fugit suscipit qui quis. Ipsam corporis assumenda tempore et. Culpa illo occaecati error sed voluptas.','1979-09-17 03:43:11','1998-07-13 03:56:50','1983-06-25 07:22:53',NULL,58),(55,54,35,'Voluptatibus in sit voluptatem rerum. Porro autem iste sint odio corporis. Illum inventore odio omnis laborum consequuntur.','2013-05-14 00:14:43','2008-09-29 04:45:23','1985-07-23 04:55:33',NULL,64),(56,95,98,'Libero fugiat sed voluptas id odit. Repellat expedita aut quae omnis harum nostrum. Eaque sed amet in ut.','2004-02-05 01:55:43','1973-04-13 00:14:01','1970-03-19 23:52:58',NULL,3),(57,27,43,'Cum id culpa numquam vel ut ullam cumque. Qui veniam alias est et et voluptatum. Praesentium odio nesciunt quia quia blanditiis cum tempore. Et quos nihil sit.','1978-07-03 14:37:33','2013-01-17 08:59:10',NULL,NULL,51),(58,99,30,'Est et quia animi soluta voluptatem voluptatem. Odio iure iste voluptatem nihil dolores. Libero corporis tempore corporis saepe eligendi fugit.','1992-01-08 12:49:50','2014-05-14 08:14:50',NULL,NULL,50),(59,38,82,'Et eum voluptas et eos animi error aut rerum. Veritatis adipisci ut vel doloribus sed quibusdam. Perferendis quibusdam et non sit quidem atque. Cumque nam maxime in quam est nihil.','1984-01-26 18:01:13','2015-11-09 09:28:00','2008-08-27 09:39:29',NULL,30),(60,62,75,'Laborum nihil tempora dicta eos. Eum nulla sed nisi veniam quasi totam iste.','1984-11-02 04:22:12','1970-01-01 18:37:28',NULL,NULL,49),(61,68,53,'Nihil dolorem voluptate consequatur. Et ad non consectetur consequatur est. Perspiciatis optio temporibus rem.','1987-03-25 11:53:07','1981-12-25 03:09:26','2009-03-29 16:21:11',NULL,35),(62,86,15,'Nobis quisquam nostrum placeat unde eos pariatur. Itaque voluptas molestiae sapiente aut optio ad. Odio explicabo voluptatibus est in.','2001-08-12 02:23:13','1993-10-03 01:17:24','1983-05-23 11:29:50',NULL,43),(63,44,35,'Sint voluptatem totam id et pariatur itaque sunt. Molestiae dolores a aliquam natus aut. Sapiente eos eligendi accusamus voluptas. Repudiandae autem saepe id id adipisci rem.','1977-03-29 15:34:28','2002-06-29 19:39:01','1983-03-18 10:54:03',NULL,38),(64,87,36,'Harum voluptas consequuntur quia et libero repellat velit et. Consequatur ut deserunt qui est magnam voluptatem.','1982-07-13 16:54:19','2007-08-05 21:19:46',NULL,NULL,42),(65,26,93,'Veritatis velit recusandae eligendi amet quo. Explicabo ut nam autem ea et unde. Laudantium explicabo sed neque non alias ut. Qui labore nihil corrupti ad nostrum.','1998-05-16 15:11:09','1981-10-24 11:20:09','1980-08-04 20:26:16',NULL,40),(66,11,67,'Corrupti sit sint distinctio asperiores officiis aut. Nobis inventore doloremque rem sunt dolores sed qui. Sed nostrum sit nam sit aut maxime. Earum quas explicabo assumenda.','2019-08-04 11:18:04','1995-02-08 06:08:21','1987-01-05 10:19:23',NULL,41),(67,29,92,'Mollitia veritatis sed et enim occaecati. Ratione vitae eveniet fuga nostrum sunt. Explicabo qui dignissimos in fugiat sed qui. Distinctio pariatur natus voluptate magnam est repudiandae.','1974-10-19 02:01:12','1992-05-02 23:52:45',NULL,NULL,28),(68,50,40,'Eveniet est et rerum dignissimos molestias officiis. Facere quia voluptatem ullam laboriosam sint harum aperiam. Et voluptatibus dolores reiciendis enim veritatis non aliquam aut.','1994-03-27 07:35:08','2012-08-14 00:02:15',NULL,NULL,94),(69,5,25,'Deserunt omnis dolore commodi non quia. Minus maxime minus explicabo minima qui aut. Nam itaque ut ut ex rerum.','2002-07-06 23:59:08','2011-08-18 02:26:55','1989-12-14 06:58:36',NULL,17),(70,74,28,'Laborum autem repellendus nulla rem. Accusamus aspernatur dolor possimus tempore. Delectus recusandae consequatur alias tenetur. Voluptatem aspernatur odit voluptate a ipsam.','2008-09-04 14:41:53','1996-07-25 08:18:38',NULL,NULL,63),(71,31,94,'Repellendus sequi dolorem sint molestiae. Ea amet quasi architecto eaque error amet eaque. Accusamus voluptatibus doloremque ut dignissimos vel totam.','1973-09-01 21:49:44','2019-12-01 00:04:17',NULL,NULL,83),(72,99,91,'Eos itaque ducimus doloremque nobis suscipit fugiat. Ex culpa et tempora modi excepturi quia eos. Ut laboriosam vitae est reprehenderit ut mollitia amet. Sint autem cumque qui quam dolores maxime.','2009-09-19 13:13:35','1994-01-18 10:54:18','2010-11-18 09:44:05',NULL,90),(73,5,68,'Placeat eum odio accusantium nihil saepe. Ad velit itaque nostrum modi quos. Minus cupiditate nihil qui saepe ut ut enim. Enim enim vero ipsum dolores et delectus.','1970-02-13 16:00:02','2018-03-13 14:03:43','1980-01-03 10:33:04',NULL,73),(74,64,29,'Rem explicabo expedita veniam ut soluta. Sed nam magni qui ut esse laborum voluptatibus in. Quidem repudiandae natus cum voluptas.','2000-02-18 04:01:50','2007-01-01 16:27:06',NULL,NULL,66),(75,7,91,'Laboriosam doloremque et incidunt nemo aut minus. Fuga velit molestias ut dolorem. Rerum perferendis quia in debitis nisi earum non. Necessitatibus ea explicabo est ipsum mollitia aspernatur id.','1998-10-20 16:42:26','2013-02-23 13:00:17',NULL,NULL,24),(76,23,29,'Ex quaerat aut voluptas. Modi vel aut aut quia et recusandae atque. Ad sed et et error.','1985-09-25 08:14:27','2000-05-23 07:34:00',NULL,NULL,19),(77,90,51,'Accusamus magnam ipsum atque dolor incidunt molestias asperiores excepturi. Et sapiente velit error. Voluptatem a dolore et non architecto ratione.','1997-01-01 05:57:10','1979-08-31 04:16:37','1995-10-10 02:21:26',NULL,39),(78,99,22,'Sit impedit doloribus distinctio qui culpa enim. Voluptatem odio est natus soluta earum. Nostrum mollitia nesciunt ipsa debitis dolor labore.','1985-05-23 16:20:25','1988-09-29 11:21:31',NULL,NULL,55),(79,95,69,'Sed atque maiores consequatur. Aut accusamus dolor architecto in nulla optio est.','2009-07-16 19:16:33','2008-05-13 14:09:00',NULL,NULL,67),(80,41,94,'Quis fugiat itaque suscipit nam. Error sunt sit accusamus voluptatum. Sed maxime hic voluptate dolorem eligendi. Veniam reiciendis perspiciatis ipsa qui.','1981-07-21 04:16:22','2003-01-16 13:52:36',NULL,NULL,26),(81,40,41,'Sint tenetur esse blanditiis qui explicabo sit voluptates. Voluptas pariatur corrupti harum eum quisquam iste. Voluptatem laboriosam soluta quia. Odio rerum quidem ut omnis impedit praesentium.','1993-04-07 05:41:32','2017-01-16 03:36:14',NULL,NULL,75),(82,67,32,'Ut pariatur sint nam. Repellendus consequatur dolores laborum optio at. Dignissimos sint debitis quia possimus omnis eveniet.','2009-10-25 15:00:15','1999-02-14 05:42:46',NULL,NULL,93),(83,2,53,'A cumque autem corrupti dolor dicta omnis qui. Fugiat voluptatem dolorem eius. Quasi quis sint quod similique est.\nDoloremque soluta sit dolorem quod. Veritatis ea assumenda blanditiis.','2020-05-19 20:54:44','2007-11-28 16:01:51',NULL,NULL,65),(84,70,18,'Amet et ratione ea tenetur qui rem optio. Consequatur quaerat non consectetur. Aut repellendus pariatur quam iure corrupti eos qui.','2018-12-05 01:11:08','2000-01-30 03:45:40','1998-06-08 20:50:30',NULL,15),(85,2,48,'Eius repudiandae voluptatem quia cum. Labore corporis assumenda sit quia suscipit. Omnis accusamus temporibus soluta voluptas voluptas beatae qui. Rerum magni et alias et culpa.','2011-05-19 13:05:23','1987-08-26 21:11:44','1983-08-30 19:10:58',NULL,6),(86,67,93,'Delectus dicta dolor ut quia. Maiores a aut et vitae voluptas. Ipsum quis laboriosam sequi veniam.','1999-11-01 20:31:01','1997-08-21 04:39:50',NULL,NULL,13),(87,25,9,'Consequatur cumque ut omnis aut consequatur harum voluptas. Error dignissimos eum ad ipsam. Ipsum vel dolorem iste eum aut illo. Praesentium maxime adipisci eum quidem sit.','2005-07-12 08:19:04','1974-11-30 07:10:00',NULL,NULL,56),(88,8,83,'Sapiente delectus a unde voluptate. Commodi architecto quidem doloremque aut repudiandae neque. Iste veritatis quo non dolorum sed et rerum.','1990-01-12 14:36:44','1990-03-18 21:29:36',NULL,NULL,21),(89,65,66,'Omnis nesciunt doloremque nulla aut natus sit. Aut recusandae et ratione. Aut accusamus et facilis maxime.','1982-06-28 10:31:09','1997-10-15 04:49:40',NULL,NULL,45),(90,24,90,'Excepturi molestiae praesentium qui. Ut animi et reprehenderit quaerat molestias dolor. Quo distinctio nemo placeat ab. Sint nemo non soluta omnis commodi dicta.','1994-06-10 04:37:13','1992-10-05 03:40:56','1987-03-12 14:22:23',NULL,62),(91,37,51,'Consequatur eaque eum doloribus asperiores alias. Voluptates qui ut adipisci velit illum dicta quia. Sit vel eaque quasi qui ab. Rerum rerum quas iusto in voluptas.','1988-08-03 15:26:35','2019-09-13 03:40:23',NULL,NULL,61),(92,65,65,'Quidem amet iste sed corrupti omnis et. Voluptatum qui sunt molestiae error voluptas occaecati similique ut. Beatae deserunt laboriosam at vel.','1981-03-18 02:33:26','1970-09-29 11:28:23',NULL,NULL,78),(93,67,86,'Fuga modi dignissimos laborum et quos. Accusantium ut ea qui dolores. Inventore placeat totam porro veniam assumenda.','1971-04-08 07:59:02','2017-03-10 05:32:18','2019-10-08 10:44:36',NULL,92),(94,91,15,'Distinctio et nisi fugit ut omnis cum. Et magni qui ab inventore aut accusamus. Excepturi soluta reprehenderit tempore praesentium.','1995-06-29 07:01:02','2009-08-12 15:57:45',NULL,NULL,9),(95,32,38,'Debitis quia ut saepe quam aliquam. Voluptatum pariatur omnis dolores libero officia quia. Et animi consequatur minus occaecati ut. Laboriosam quo perspiciatis dolorum cupiditate accusantium ut.','1973-06-22 15:27:10','1999-07-09 23:06:38',NULL,NULL,8),(96,4,65,'Aut illo voluptatibus ut corporis itaque qui. Ut ex fuga nihil. Et magni veritatis neque est praesentium et similique. Pariatur rerum sunt magnam sed.','1975-05-10 00:58:58','2015-10-16 13:24:26',NULL,NULL,48),(97,35,1,'Sunt error labore omnis maxime est. Consequatur tempore sit totam excepturi et aut. Consequatur tenetur blanditiis perferendis omnis inventore. Explicabo mollitia accusantium enim et qui ut.','1993-06-17 05:49:30','2008-09-22 00:29:21',NULL,NULL,37),(98,70,31,'Magnam voluptatibus odit quia sed voluptas. Autem enim debitis omnis illum voluptas exercitationem fugit. Labore autem enim nesciunt aliquid neque porro animi temporibus.','2005-08-28 02:56:41','1999-07-16 07:34:14',NULL,NULL,74),(99,25,20,'Distinctio enim doloremque nisi aut. Quia quasi non est culpa quo est.\nIn sit nihil voluptatem sunt ratione ipsa. Eum iusto voluptatem velit.','2008-10-03 16:25:42','2010-03-31 23:18:43','1988-05-22 01:55:01',NULL,27),(100,91,37,'Corrupti dolorum ab omnis eos veritatis autem. Quia eum hic amet aspernatur. Qui nobis architecto ut voluptas nobis. Sequi omnis recusandae maxime omnis.','1984-04-18 20:42:54','2005-02-07 02:25:20',NULL,NULL,68),(101,22,45,'sdfjhgreikgkjuerg','2021-03-01 00:26:59','2021-03-01 00:26:59',NULL,NULL,3);
/*!40000 ALTER TABLE `message` ENABLE KEYS */;
UNLOCK TABLES;

--
-- Table structure for table `post`
--

DROP TABLE IF EXISTS `post`;
/*!40101 SET @saved_cs_client     = @@character_set_client */;
/*!50503 SET character_set_client = utf8mb4 */;
CREATE TABLE `post` (
  `id` int unsigned NOT NULL AUTO_INCREMENT,
  `community_id` int unsigned DEFAULT NULL,
  `user_id` int unsigned NOT NULL,
  `text` varchar(145) CHARACTER SET utf8mb4 COLLATE utf8mb4_unicode_ci DEFAULT NULL,
  `media_id` int unsigned DEFAULT NULL,
  `created_at` datetime NOT NULL DEFAULT CURRENT_TIMESTAMP,
  `updated_at` datetime DEFAULT NULL ON UPDATE CURRENT_TIMESTAMP,
  `deleted_at` datetime DEFAULT NULL,
  PRIMARY KEY (`id`),
  KEY `fk_post_community1_idx` (`community_id`),
  KEY `fk_post_user1_idx` (`user_id`),
  KEY `fk_post_media1_idx` (`media_id`),
  CONSTRAINT `fk_post_community1` FOREIGN KEY (`community_id`) REFERENCES `community` (`id`),
  CONSTRAINT `fk_post_media1` FOREIGN KEY (`media_id`) REFERENCES `media` (`id`),
  CONSTRAINT `fk_post_user1` FOREIGN KEY (`user_id`) REFERENCES `user` (`id`)
) ENGINE=InnoDB AUTO_INCREMENT=101 DEFAULT CHARSET=utf8mb4 COLLATE=utf8mb4_unicode_ci;
/*!40101 SET character_set_client = @saved_cs_client */;

--
-- Dumping data for table `post`
--

LOCK TABLES `post` WRITE;
/*!40000 ALTER TABLE `post` DISABLE KEYS */;
INSERT INTO `post` VALUES (1,NULL,14,'Ratione nostrum enim deserunt atque tenetur error. Vel dolor placeat et repellendus. Dolores omnis sint assumenda qui. Distinctio perspiciatis qu',72,'1993-10-28 21:35:20','2021-03-01 00:13:55',NULL),(2,3,51,'Quam repellendus illum officiis explicabo. Repellat id voluptatem cupiditate. Porro ex perspiciatis et voluptatem nemo autem. Delectus explicabo ',95,'1990-03-18 19:18:22',NULL,NULL),(3,NULL,91,'Quaerat eveniet magnam blanditiis sit enim. Occaecati praesentium aut tempora ad et. Atque mollitia eos labore eum qui. Sit quae expedita ut eum.',24,'1979-05-04 18:11:14','2021-03-01 00:13:55',NULL),(4,5,2,'Id distinctio provident illum totam sunt. Dicta nam voluptate dolores laborum. Eum cumque ut qui sed numquam error.',70,'2008-11-26 14:15:04','1973-08-05 13:10:02',NULL),(5,NULL,11,'Minima iusto debitis dolorem est architecto ut et. Eum tempora soluta ut sed porro et aspernatur quisquam. Dolore laboriosam ab expedita perferen',90,'2012-09-03 02:53:06','2021-03-01 00:13:55',NULL),(6,2,49,'Fugit ad modi exercitationem placeat. Ut accusamus voluptas expedita quis ducimus at. Hic aut vel pariatur autem sed culpa.\nEligendi cumque sunt ',2,'1978-02-03 16:49:31',NULL,NULL),(7,NULL,67,'Dolorem commodi consequatur quaerat ex eos vel cum. Aut iure cupiditate quis facere quos. Debitis ratione earum non distinctio.',43,'2015-01-07 01:40:09','2021-03-01 00:13:55',NULL),(8,7,89,'Eum quo et debitis vel atque tempore ratione. Dolores perspiciatis odit reprehenderit officia qui non aut. Ratione et alias assumenda eaque ut as',9,'1997-04-12 14:21:42',NULL,NULL),(9,NULL,4,'Et ut nisi aut voluptatem aut. Quae provident amet minima et et. Velit molestiae est debitis et. Quaerat et magnam perferendis nemo.',29,'2012-11-18 07:01:42','2021-03-01 00:13:55',NULL),(10,3,73,'Sunt ipsam natus ad nihil. Voluptatibus laborum architecto necessitatibus. Aliquid laudantium debitis ea consequuntur veniam provident repellat.',62,'1978-04-01 21:01:32',NULL,NULL),(11,NULL,88,'Porro commodi dolores nemo est fugit fugiat. Dolor dolor voluptatem totam odit nihil enim.',75,'2008-09-28 20:29:49','2021-03-01 00:13:55',NULL),(12,2,14,'Provident et suscipit vero molestias et nostrum. Id quia ea dolorum totam qui et sit cupiditate.',26,'1993-06-01 22:31:21',NULL,NULL),(13,NULL,31,'Autem praesentium qui ex quia. Commodi odio consequatur eaque debitis. Tempora qui et aperiam dolorum nobis dignissimos cumque.',16,'1985-05-03 17:13:49','2021-03-01 00:13:55',NULL),(14,4,76,'Exercitationem saepe rerum odio cum. Voluptatibus impedit maxime aut. Rem nobis architecto cum nihil.',18,'2001-06-04 22:05:30','2008-08-07 20:02:07',NULL),(15,NULL,100,'Molestias voluptatem sit in sed est consequatur odit omnis. Aut laborum itaque a at impedit sed.',28,'2015-12-29 14:38:52','2021-03-01 00:13:55',NULL),(16,10,12,'Aut praesentium eligendi et totam officia dolor vel. Est minima dolorum qui blanditiis eaque.',77,'1996-08-12 20:00:23',NULL,NULL),(17,NULL,91,'Eaque cumque omnis in deleniti tenetur enim nulla. Quidem est accusantium ea ut. Autem blanditiis architecto dolor maxime aspernatur sint dicta. ',43,'1974-01-06 21:31:32','2021-03-01 00:13:55',NULL),(18,4,58,'Labore qui est sunt voluptas. Dolor nobis sed qui magni ipsam. Unde et dolorem sunt aut eligendi aspernatur corporis consequatur.',32,'2017-11-05 22:57:35','1975-07-27 08:50:10',NULL),(19,NULL,30,'Dolorem reiciendis atque ab ipsum odio ipsam tempora. Et iste facere voluptatem dignissimos inventore modi omnis.',36,'1974-06-15 01:09:30','2021-03-01 00:13:55',NULL),(20,8,59,'Molestiae vitae iure libero at unde ut et. Distinctio nulla sunt vel est et ut ut. Voluptatem deserunt sed magnam deserunt qui. Nemo nihil est mo',8,'1971-02-28 01:30:56',NULL,NULL),(21,NULL,1,'Deserunt velit enim voluptatem provident. Repellendus inventore officiis sint necessitatibus placeat vero. Autem consequatur laboriosam incidunt ',96,'1983-09-02 18:54:43','2021-03-01 00:13:55',NULL),(22,1,15,'Officiis recusandae ex laborum dolorem quo. Et ut amet quisquam eum vel asperiores inventore. Enim dolor soluta et consectetur officia incidunt s',9,'1988-06-21 15:37:24','1973-03-22 02:58:24',NULL),(23,NULL,23,'Ullam nisi odio nisi aperiam odit incidunt est. Ab ea dolores nesciunt similique reprehenderit. Rem asperiores et eius corrupti quia at. Dolorem ',40,'2012-12-11 18:31:38','2021-03-01 00:13:55',NULL),(24,5,55,'Error aut aut fugiat esse. Ratione dolor alias est et perferendis. Voluptates unde est repudiandae odit illum recusandae.',15,'1994-09-13 20:29:37',NULL,NULL),(25,NULL,56,'Et repellendus fugiat velit esse. Sapiente odio cum numquam doloremque. Et quo fugit placeat qui necessitatibus. Sint non temporibus rerum.',15,'2006-02-21 08:36:44','2021-03-01 00:13:55',NULL),(26,10,47,'Fuga quia qui consequatur ea laudantium numquam. Laborum rerum nostrum incidunt et expedita. Harum nesciunt voluptatem ullam enim.',26,'1992-02-20 10:20:01',NULL,NULL),(27,NULL,39,'Corrupti quia sequi quos et cumque est. Commodi temporibus mollitia ducimus. Alias quia tenetur minus molestias accusamus architecto ex. Ab aut t',17,'1993-09-18 14:21:23','2021-03-01 00:13:55',NULL),(28,2,73,'Facilis fugit nihil doloribus voluptas quos. Cupiditate ea voluptates perspiciatis repudiandae. Et debitis illo aut possimus nihil nesciunt rerum',75,'1991-08-05 18:18:23','1985-07-08 17:45:05',NULL),(29,NULL,16,'At accusantium delectus vitae in vel. Repudiandae sequi corporis ut expedita voluptas et. Fugiat temporibus quia magni esse unde.',4,'1970-08-10 08:49:01','2021-03-01 00:13:55',NULL),(30,8,87,'Atque delectus rerum sit voluptas suscipit est non. Assumenda aperiam et nemo consequatur vel ut perspiciatis.',63,'1991-07-30 14:28:50','1992-04-26 14:13:14',NULL),(31,NULL,20,'Sequi sed tempora adipisci consectetur quo labore sint veniam. Id velit fugit debitis beatae. Cum aut expedita ea sint temporibus nam.',64,'2003-02-11 19:11:58','2021-03-01 00:13:55',NULL),(32,9,27,'Vel quia asperiores modi ea. Odio expedita eius veritatis vel. Repudiandae at id eos ex dolorem voluptas rerum. Praesentium non ea minima aut qui',78,'1972-04-10 22:14:39',NULL,NULL),(33,NULL,59,'Non ea magni ipsum aliquid velit. Natus rerum maxime voluptatem. Possimus unde et reiciendis reprehenderit omnis occaecati. Cum expedita dolores ',1,'1988-04-21 20:12:39','2021-03-01 00:13:55',NULL),(34,3,7,'Quo dolor et quia recusandae nulla nostrum reiciendis sequi. Itaque in facere doloribus. Nostrum facere dignissimos quaerat. Quos quo necessitati',55,'1988-03-25 02:26:49','2010-10-31 09:11:07',NULL),(35,NULL,73,'Iusto numquam repellendus a officia in autem. Atque ipsam possimus dolores doloribus. Id architecto quidem velit dolorem. Reprehenderit expedita ',10,'2001-02-07 08:27:19','2021-03-01 00:13:55',NULL),(36,6,66,'Rem velit eos laborum repellendus laborum dolor quisquam. Ipsam quibusdam dolorem sit quae est. Voluptatum et sapiente a voluptas quia impedit ut',56,'2019-05-01 16:56:11','2020-09-22 21:15:35',NULL),(37,NULL,35,'Modi voluptatem omnis laboriosam. Blanditiis autem velit ad et sequi. Quia ut voluptatem assumenda veniam.',95,'1974-10-09 02:30:40','2021-03-01 00:13:55',NULL),(38,1,47,'Et ipsam ratione quas molestiae. Consectetur et nihil excepturi laboriosam minus qui vitae. Accusantium sint doloremque est minima unde. Perspici',68,'2020-08-10 08:35:30','1973-03-04 10:57:45',NULL),(39,NULL,90,'Dignissimos inventore fugit tenetur fugiat vero eius. Neque rem dolores rerum. Dolores reprehenderit ad perferendis ea consectetur consequatur do',83,'1970-05-18 20:34:23','2021-03-01 00:13:55',NULL),(40,8,68,'Inventore quia iure neque beatae voluptas explicabo. Totam qui adipisci et quo voluptas accusamus sed. Soluta quas quia sit maxime iusto. Aut nos',70,'1971-06-12 06:49:44',NULL,NULL),(41,NULL,54,'Blanditiis eum alias soluta saepe et ducimus. Qui dolores deleniti officiis voluptas. Iste eos ipsum ut et.',89,'1980-12-07 13:18:41','2021-03-01 00:13:55',NULL),(42,1,35,'Rerum est incidunt consequatur expedita sit. Sed et cumque possimus culpa molestiae sit. Est ea voluptatem a cum neque consectetur et. Rerum repe',15,'1977-10-04 11:58:11','1990-08-31 06:39:40',NULL),(43,NULL,25,'Occaecati eveniet dolor in aspernatur et modi ullam vero. Dolores cupiditate impedit dicta at tenetur laboriosam alias. Tempora eos voluptatem po',74,'2019-11-12 14:55:24','2021-03-01 00:13:55',NULL),(44,9,55,'Velit beatae quia magni doloribus. Aut fugit nostrum deleniti soluta sint enim. Sapiente possimus omnis quasi porro earum architecto in aut. Mole',81,'1988-06-14 22:01:37','1971-07-21 11:51:12',NULL),(45,NULL,100,'Doloremque doloremque laudantium sed officiis dolores. Tempora tempora quod non et vitae. Aut est nesciunt voluptatem.',53,'2015-08-25 06:08:33','2021-03-01 00:13:55',NULL),(46,5,58,'A ullam aut rerum rem recusandae tenetur. Aut autem officiis rem et itaque vel. Tempore doloremque nisi eveniet distinctio. Sit velit ex ut conse',18,'2016-11-05 16:34:27','1970-03-12 23:01:44',NULL),(47,NULL,43,'Et fugiat rem nisi quisquam facilis expedita quaerat. Omnis deserunt et cumque sunt quis ut voluptate numquam. Accusamus esse rem facere corrupti',52,'1983-07-03 04:12:52','2021-03-01 00:13:55',NULL),(48,10,45,'Quisquam quod sint ea ut non. Nam non cupiditate esse quam. Voluptatem deserunt amet ex non reiciendis omnis. Id aut possimus hic quasi voluptate',99,'1985-06-15 21:32:40','1999-12-04 11:00:02',NULL),(49,NULL,20,'Nihil maiores in illum earum laudantium. Nisi sed amet laboriosam non distinctio quo. Facilis doloremque error doloribus sit incidunt laboriosam.',88,'2008-07-07 12:47:05','2021-03-01 00:13:55',NULL),(50,5,100,'Ut sed corporis officiis et incidunt. Impedit aut aut perspiciatis dolorem eligendi autem. Et at ad sit aut. Laborum quia fuga atque earum dignis',55,'2014-11-08 09:35:06','1976-12-05 01:56:07',NULL),(51,NULL,42,'Ut cupiditate dolor animi aut ut. Laudantium accusamus necessitatibus totam. Ab nulla debitis eos.',9,'2002-01-31 05:58:29','2021-03-01 00:13:55',NULL),(52,1,47,'Doloribus dolor culpa commodi corporis voluptatibus iure voluptas. Perspiciatis maxime quas veniam reprehenderit. Aut porro doloribus modi conseq',44,'2007-02-22 15:39:05',NULL,NULL),(53,NULL,30,'Ullam aspernatur ut quam tenetur reiciendis deserunt quisquam sint. Dolorem quae repudiandae qui at fuga nihil aliquam. Maxime voluptas dignissim',69,'1998-01-05 04:11:13','2021-03-01 00:13:55',NULL),(54,10,12,'Illo delectus magnam atque quaerat adipisci et. Voluptas voluptatibus quis eum debitis et facere. Adipisci aperiam impedit dicta.',23,'2018-02-05 09:46:22','2001-10-17 18:09:55',NULL),(55,NULL,49,'Fugit quod dolorem consequuntur et consequatur est qui. Ea necessitatibus officia et vel et molestiae ratione. Iste omnis aut nam quia. Sint et q',22,'1976-07-28 22:38:40','2021-03-01 00:13:55',NULL),(56,3,96,'Velit et voluptatum consectetur perferendis inventore ut ipsam quas. Voluptas ea repellendus dignissimos numquam saepe qui. A dolorem aut vel.',80,'1994-05-24 18:53:50',NULL,NULL),(57,NULL,98,'Illum quia assumenda quasi. Et autem fugit error ut est. Aut ut voluptatem aut qui. Ullam ullam occaecati officia.',23,'1981-03-03 16:26:56','2021-03-01 00:13:55',NULL),(58,10,95,'Corporis in ullam possimus numquam qui distinctio sit. Perspiciatis sit suscipit a aliquam omnis. Occaecati ipsum et id ex qui eveniet aut veniam',67,'1982-12-10 23:46:10',NULL,NULL),(59,NULL,59,'Minus blanditiis quas cumque hic modi eius dolorem molestiae. Earum necessitatibus molestias et corporis nemo amet. Quam ratione laborum dolor mo',87,'1977-04-15 16:05:34','2021-03-01 00:13:55',NULL),(60,9,5,'Enim praesentium suscipit cum consequatur. Sunt perspiciatis beatae et ut delectus vel. Quaerat maxime minima et.',87,'2004-07-17 14:53:55','2009-04-25 00:22:42',NULL),(61,NULL,21,'At nulla est esse. Expedita aut quia quibusdam illum. Omnis ea sunt expedita velit dolorem ut nulla facere. Ea mollitia voluptatibus itaque ullam',28,'1993-06-14 01:13:22','2021-03-01 00:13:55',NULL),(62,5,26,'Quia dolorem quis reiciendis id. Officia nobis delectus quis velit quisquam sunt reiciendis. Quia adipisci quibusdam et molestias omnis non.',74,'2011-09-30 22:40:20','2020-09-06 16:43:50',NULL),(63,NULL,45,'Non sequi suscipit et dicta eveniet. Dolorum in aut unde placeat tenetur. Ipsum nisi et iusto libero atque asperiores.',4,'1980-11-18 01:43:26','2021-03-01 00:13:55',NULL),(64,6,39,'Dolorem dolorem et similique autem numquam id. Minus est et voluptatem voluptas. Aut consequuntur ipsam in labore. Molestiae assumenda et eum qua',16,'1980-07-07 03:25:01','1984-11-02 04:38:11',NULL),(65,NULL,13,'Voluptatem aut aut est aut. Ea quis qui sit atque non. Consequatur mollitia facere quo est occaecati facilis.',64,'1999-01-11 06:44:39','2021-03-01 00:13:55',NULL),(66,1,39,'Voluptates id aut ut culpa aspernatur. Atque error ea beatae accusantium ut. Et praesentium ab quia dolores voluptates repellat. Consequuntur aut',60,'1972-09-24 23:53:21',NULL,NULL),(67,NULL,83,'Tempore aut exercitationem ut. Ab corporis omnis reiciendis eveniet ex omnis. Cumque aspernatur optio voluptate vel et. Enim provident ut molesti',57,'2018-04-07 19:27:28','2021-03-01 00:13:55',NULL),(68,1,79,'Aut adipisci molestiae adipisci. Animi odit nemo veniam suscipit qui laudantium. Quisquam quis sed nostrum sint optio. Eos alias facilis maiores ',52,'1976-11-28 15:14:49',NULL,NULL),(69,NULL,73,'Nam laboriosam maiores aut velit iste. Cupiditate excepturi illum nihil illo culpa voluptatem.\nEt corrupti ab quis dolores est. Praesentium rerum',10,'2013-06-22 07:12:48','2021-03-01 00:13:55',NULL),(70,6,55,'In quo quasi rerum pariatur optio suscipit quae. Provident iusto ratione ut et voluptatibus. Voluptate ut vero non nobis itaque. Quos fuga veniam',15,'2008-02-27 20:37:21','1982-02-17 16:28:02',NULL),(71,NULL,91,'Mollitia nihil aliquam nihil sit libero sunt neque. Accusamus vitae incidunt enim exercitationem consequatur voluptatem ut. Perferendis quasi qui',36,'2005-03-26 21:49:05','2021-03-01 00:13:55',NULL),(72,7,36,'Quis sed cum ea cumque. Sit sit ullam et beatae inventore. Earum sint ea maxime veniam architecto ipsa id. Aperiam unde adipisci libero fugiat.',62,'1974-08-22 19:15:02','1984-10-11 11:55:19',NULL),(73,NULL,24,'Pariatur iusto quaerat cupiditate quasi laborum. Ut quam iste eaque quod ut quis. Rerum laboriosam aspernatur impedit illum neque. Est aut necess',7,'2007-01-09 22:22:48','2021-03-01 00:13:55',NULL),(74,5,79,'Et odio libero nemo qui et aut qui. Aspernatur accusamus ipsum laboriosam tenetur. Neque ducimus molestiae minus et laudantium dicta. Consequatur',45,'2016-11-06 22:20:47','1977-07-28 21:52:57',NULL),(75,NULL,58,'Sit non dolor aut. Fuga maxime sit quasi blanditiis. Dolorem dolores exercitationem dolorum earum dicta quaerat.',57,'2014-01-09 20:00:02','2021-03-01 00:13:55',NULL),(76,3,58,'Nemo officia perferendis commodi nisi autem. Animi dolorum exercitationem illo fugit natus nemo. Distinctio officiis eum aut pariatur ut.',96,'1988-06-04 06:43:24',NULL,NULL),(77,NULL,38,'Maxime velit sunt omnis eum. Ullam similique porro sit odio excepturi magnam nemo. Non harum eum aut ad. Sed maiores libero perspiciatis atque po',79,'2011-02-25 14:38:33','2021-03-01 00:13:55',NULL),(78,5,40,'At recusandae sed et sunt est commodi. Voluptatum quia corrupti qui nihil ex iste. Minima amet possimus ducimus sapiente voluptas.',57,'1973-10-26 19:25:41','2005-03-21 11:41:58',NULL),(79,NULL,9,'Est neque sed molestiae quaerat voluptas porro doloribus. Omnis eligendi eligendi maxime cupiditate ullam aperiam. Voluptatem nostrum aut modi re',30,'2018-11-13 15:15:07','2021-03-01 00:13:55',NULL),(80,1,64,'Hic deserunt et eos cumque quo omnis non. Dolorum aut qui est.',85,'2020-04-07 13:48:54',NULL,NULL),(81,NULL,5,'Tempora quas et id eveniet totam voluptatum. Repellat nihil est quo. Repellendus eos iure et est tempore dolores unde. Possimus saepe quam et opt',76,'1975-02-25 09:53:10','2021-03-01 00:13:55',NULL),(82,6,74,'Eveniet et dolorem qui. Tempore omnis rem quis officiis quod animi. Officia ea consequatur at atque neque inventore. Exercitationem unde ipsam al',11,'1993-11-16 10:26:29',NULL,NULL),(83,NULL,16,'Eos voluptates perspiciatis asperiores vel dolore maxime. Hic maiores corporis placeat nulla. Blanditiis beatae neque sapiente ut.',34,'1978-06-02 01:55:13','2021-03-01 00:13:55',NULL),(84,2,62,'Debitis quae commodi eum quia a. Officiis dolorum explicabo a quas. Quibusdam facilis veniam inventore iure accusantium iste.',13,'1996-02-28 10:10:34',NULL,NULL),(85,NULL,23,'Consequuntur laboriosam occaecati repudiandae dolor possimus accusantium qui. Ducimus ut quidem deleniti. Iusto eos numquam ducimus asperiores.',71,'2013-10-25 19:59:46','2021-03-01 00:13:55',NULL),(86,3,48,'Et saepe aspernatur veritatis. Nulla cum provident cumque rerum ad. Rem nemo tempore omnis delectus amet.',28,'2008-07-10 10:23:38','2019-02-25 03:15:58',NULL),(87,NULL,32,'Et at voluptatem itaque sed. Totam autem nam est voluptas nihil dolor possimus. Accusamus deserunt accusamus consequatur.',65,'1995-12-24 07:08:53','2021-03-01 00:13:55',NULL),(88,10,72,'Odit officia omnis fuga sit molestias atque eveniet. Qui et est atque. Voluptatem voluptatem et amet aperiam magni nam eveniet. Quaerat recusanda',5,'1996-07-10 03:58:32',NULL,NULL),(89,NULL,64,'Laboriosam beatae praesentium et deserunt. Occaecati asperiores nobis cum quas in debitis velit. Consequatur ex quia ea. Ut fugit ea repellendus ',13,'1973-03-31 01:19:47','2021-03-01 00:13:55',NULL),(90,9,66,'Saepe nihil amet et illo perferendis. Quo sequi earum aut consequatur beatae sunt vel. In voluptatem beatae nihil esse eum.',76,'1986-07-07 04:52:29',NULL,NULL),(91,NULL,83,'Qui quo totam ullam molestias totam. Harum maxime itaque eius quibusdam minima est aspernatur.\nQuae fuga aspernatur ipsa fugiat. Illo fugiat labo',81,'2007-01-05 03:14:30','2021-03-01 00:13:55',NULL),(92,5,35,'Qui ad vel vero corrupti sapiente. Voluptatem ex dicta nam dolor voluptas quos reprehenderit cum. Sint architecto at vero autem. A velit et qui v',54,'1981-05-13 19:13:41','1997-07-14 20:46:24',NULL),(93,NULL,49,'Doloribus deserunt sunt deleniti voluptatum nulla odit et numquam. Incidunt qui doloremque voluptas temporibus. Rerum sint et fugiat in asperiore',70,'1996-02-03 19:24:39','2021-03-01 00:13:55',NULL),(94,9,68,'Tenetur quo occaecati enim. Enim rerum in aliquid nobis ducimus harum est. Incidunt suscipit quaerat dolor praesentium qui.',32,'1994-11-30 06:59:24','1983-09-28 10:52:23',NULL),(95,NULL,33,'Ipsam dolor reprehenderit earum vitae sunt explicabo. Nihil aut optio ipsum enim et iste enim.',54,'1997-07-31 04:32:02','2021-03-01 00:13:55',NULL),(96,7,54,'Ipsa inventore dolor repellat qui. Perspiciatis quo aliquid voluptatibus. Debitis impedit sed sint.',2,'1991-01-09 16:25:17',NULL,NULL),(97,NULL,70,'Est aliquid culpa provident aliquam qui aut et. Nostrum impedit eos qui veritatis. Autem sit blanditiis nemo consequatur sequi. Maiores voluptate',33,'1974-08-15 07:18:25','2021-03-01 00:13:55',NULL),(98,7,64,'Ut tempore sed et necessitatibus error consequuntur. Rerum aut incidunt modi exercitationem accusantium. Iste at qui et dolorum saepe ea et.',5,'1989-06-24 06:31:54',NULL,NULL),(99,NULL,15,'Minima et quia voluptas voluptas quia ad aperiam. Aliquid praesentium ipsam ex quibusdam error sit. Quidem assumenda qui voluptas in cum. Minus a',68,'1992-09-15 09:10:20','2021-03-01 00:13:55',NULL),(100,8,97,'Nulla ipsum nihil velit sit ad ut qui. Eius impedit voluptate iste suscipit et tempora. Sit et tempore quis id qui velit. Tempore et consequuntur',34,'1992-12-21 03:58:31','2008-01-20 20:18:00',NULL);
/*!40000 ALTER TABLE `post` ENABLE KEYS */;
UNLOCK TABLES;

--
-- Table structure for table `profile`
--

DROP TABLE IF EXISTS `profile`;
/*!40101 SET @saved_cs_client     = @@character_set_client */;
/*!50503 SET character_set_client = utf8mb4 */;
CREATE TABLE `profile` (
  `user_id` int unsigned NOT NULL,
  `firstname` varchar(245) CHARACTER SET utf8mb4 COLLATE utf8mb4_unicode_ci NOT NULL,
  `lastname` varchar(245) CHARACTER SET utf8mb4 COLLATE utf8mb4_unicode_ci NOT NULL,
  `birthday` date NOT NULL,
  `gender` enum('m','f','x') CHARACTER SET utf8mb4 COLLATE utf8mb4_unicode_ci NOT NULL,
  `address` varchar(245) CHARACTER SET utf8mb4 COLLATE utf8mb4_unicode_ci DEFAULT NULL,
  `media_id` int unsigned DEFAULT NULL,
  PRIMARY KEY (`user_id`),
  KEY `fk_profile_media1_idx` (`media_id`),
  CONSTRAINT `fk_profile_media1` FOREIGN KEY (`media_id`) REFERENCES `media` (`id`),
  CONSTRAINT `fk_profile_user` FOREIGN KEY (`user_id`) REFERENCES `user` (`id`)
) ENGINE=InnoDB DEFAULT CHARSET=utf8mb4 COLLATE=utf8mb4_unicode_ci;
/*!40101 SET character_set_client = @saved_cs_client */;

--
-- Dumping data for table `profile`
--

LOCK TABLES `profile` WRITE;
/*!40000 ALTER TABLE `profile` DISABLE KEYS */;
INSERT INTO `profile` VALUES (1,'Lavina','Botsford','2005-10-21','m','318 Shyanne Circles Apt. 104\nBertrandfort, NH 34782',NULL),(3,'Sasha','Smitham','1977-10-24','m','303 Boehm Road\nProsaccoton, UT 31560',90),(4,'Patience','Champlin','2003-11-23','f','245 Verona Ridges\nLake Grant, FL 96756-5885',NULL),(5,'Greyson','Schinner','2017-05-19','m','4593 Abagail Green Apt. 930\nSchummberg, IN 15139',NULL),(7,'Murray','Harber','1989-07-13','x','5576 Olaf Brook\nPort Aurelialand, CA 43464-5784',NULL),(8,'Abbigail','Bergstrom','1974-12-24','m','53239 Theron Springs\nLegroston, UT 73481',NULL),(11,'Merle','Harber','1970-01-04','x','0329 Eichmann Valley\nWest Wilbertfurt, KY 76055-3802',NULL),(13,'Thelma','Cartwright','1986-02-14','m','4773 Noble Cape\nPort Declanburgh, VA 77833',NULL),(14,'Natalie','Witting','2013-07-21','x','17011 Haley Rue\nWest Antwan, CO 64720',NULL),(15,'Ophelia','Cormier','2018-10-15','m','157 Olson Vista\nWalkerfort, KY 69479',54),(17,'Lucas','Orn','2001-09-26','f','4488 Lueilwitz Fields\nOsvaldoton, WA 19452',NULL),(19,'Leilani','Kshlerin','2011-03-31','f','535 Schuppe Locks Suite 008\nEast Keara, HI 25387',NULL),(20,'Dedric','Hirthe','1997-11-26','x','1425 Gibson Walk\nEast Jermaine, AK 85425-1240',NULL),(21,'Felicia','Stoltenberg','2011-04-08','x','5567 Providenci Ramp Apt. 047\nPort Kameronmouth, NY 63076',55),(24,'Earline','Hahn','1976-09-25','x','263 Bergnaum Extensions Suite 664\nWest Imaville, IN 15986-8338',77),(25,'Edythe','Purdy','2013-06-15','f','398 Leonie Rapids\nNorth Abelburgh, PA 35570',NULL),(27,'Antonina','Klocko','2017-11-13','f','327 O\'Conner Pines\nDarrenville, IN 76851',33),(29,'Cortez','Goyette','1975-06-23','m','806 Parker Mount Suite 030\nSouth Jewelland, UT 93375',NULL),(30,'Dennis','Toy','1978-08-24','f','9729 Madyson Village Suite 375\nEast Vernieburgh, MN 19843',90),(31,'Elda','Nitzsche','1981-06-15','x','08309 Berge Mall\nEast Allenemouth, WA 57489',NULL),(32,'Alvis','Wisozk','1999-04-28','f','249 Monahan Route\nVeronicamouth, NJ 88128',NULL),(33,'Nicola','Goyette','1988-03-01','m','357 Spencer Mission Apt. 869\nEast Allisonton, KS 69488-7723',33),(35,'Ulises','Reilly','1976-10-12','x','96624 Kris Dam Suite 606\nMatildeview, MS 59015',NULL),(36,'Alize','Cruickshank','1998-04-15','x','25837 Garfield Trafficway\nLake Alva, KS 45470',27),(37,'Simone','Zemlak','2003-12-27','m','61660 Ernser Locks Suite 562\nMarksmouth, CT 59329',NULL),(39,'Guy','Rowe','1977-08-18','m','5726 Kertzmann Fall\nIsabellemouth, AL 91471',93),(42,'Stephanie','Cronin','1979-01-27','m','686 Joy Islands Suite 617\nUptonshire, AZ 55381-6474',70),(43,'Sid','Mayer','1997-07-03','m','8287 Nikolaus Forks\nUriahfort, FL 25445',NULL),(45,'Dedric','Tremblay','2004-04-24','m','4396 Weissnat Islands Suite 738\nCrooksberg, MI 87568',79),(50,'Ike','Purdy','2006-02-18','m','30119 Laverna Fall Suite 527\nWest Mallieport, HI 60776-6688',NULL),(51,'Miller','Mayer','1988-08-08','m','69799 Sauer Mill Suite 764\nRowanstad, OH 02372-4859',7),(52,'Mariah','Friesen','1996-10-28','m','6587 Delores Highway Suite 547\nProhaskafurt, VA 90392',NULL),(56,'Stanley','Fritsch','1972-10-03','m','18477 Anderson Passage Suite 396\nWest Philiptown, WA 18475',NULL),(57,'Annamae','Reinger','2019-04-02','m','57320 Devante Hollow Suite 021\nNew Leonland, MS 19488',53),(58,'Karianne','Rodriguez','2004-11-12','m','85808 Talia Well Suite 878\nWest Princessmouth, AL 43046-6309',NULL),(61,'Eusebio','Shields','2014-12-27','f','44809 Dibbert Ports\nNew Rosalynbury, AZ 66255',NULL),(62,'Eleanore','Mertz','1990-06-25','f','45288 Moses Green\nBradtkeville, MS 78872',NULL),(65,'Garnet','Padberg','2003-11-03','x','768 Predovic Lodge Suite 761\nPort Maidahaven, MO 90858-6280',NULL),(66,'Rowland','Goldner','1995-10-20','f','026 Moen Run Suite 684\nNorth Brianville, WA 68654',46),(67,'Edison','Koepp','1972-03-27','x','82584 Hackett Branch\nEast Nolanfort, TX 61122',NULL),(68,'Maida','Greenfelder','1994-03-10','x','4033 Roberts Bridge Suite 337\nNorth Eldoraport, TN 94022-5037',NULL),(69,'Hettie','DuBuque','1975-05-03','x','979 Talia Overpass\nLexiberg, UT 71297',19),(70,'Edmund','Denesik','1974-02-22','m','99688 Adolph Village Apt. 249\nEast Alexaneborough, VA 78135',NULL),(71,'Isabel','Kemmer','1991-04-14','m','851 Lydia Cape Suite 104\nPort Dawson, NC 72883',NULL),(72,'Bennett','Sanford','2003-09-05','f','227 Tyree Port Apt. 112\nReillystad, IN 18730',53),(73,'Rosetta','Parisian','1977-10-09','x','2432 Steuber Loop Apt. 336\nWuckertchester, TN 19845',NULL),(74,'Luciano','Goodwin','1988-10-10','x','7767 Blanda Summit\nBodeport, AK 36230-2524',NULL),(75,'Sheldon','Cummerata','2014-10-20','m','6387 Haag Camp\nPort Rexside, MT 01042',78),(78,'Octavia','Kassulke','2002-02-11','x','5886 Anne Road\nWest Abraham, ID 24578-8864',23),(80,'Earline','Dooley','2004-02-08','f','8538 Angel Corners\nEast Janick, HI 53924-7150',NULL),(81,'Sigmund','Daugherty','2005-07-03','f','4130 Metz Keys Suite 199\nSwaniawskifurt, NH 86825-6717',62),(83,'Audie','Grimes','1987-08-17','f','18079 Sabrina Valley Apt. 121\nDouglastown, FL 28722-5326',NULL),(84,'Deondre','Haag','2019-05-16','m','798 Pagac Inlet Apt. 187\nWillland, MA 14168',34),(85,'Isaiah','Predovic','1984-04-25','m','6717 Dicki Plain Apt. 923\nMerlstad, AL 57837-8418',NULL),(86,'Tracey','Weber','2012-03-21','f','455 Kylie Village\nTrevorshire, AZ 31557-3971',NULL),(87,'Jefferey','Stanton','1974-04-20','m','362 Tamia Plaza Suite 106\nCorkeryberg, IA 84221-4759',30),(90,'Armani','Ankunding','1989-03-27','x','25764 Hills Mountains\nSouth Arianeview, WY 49550-1690',24),(93,'Fausto','Dare','2004-06-21','x','711 Hilton Field Suite 913\nPort Carlos, CA 72657-0282',28),(94,'Kelton','Mayert','2018-07-06','m','0543 Arvel Crossing\nNew Mackenziechester, SD 23041',NULL),(97,'Leif','Conn','1987-01-31','m','1945 Rutherford Throughway\nHarberbury, MA 37668-2098',NULL),(98,'Sheridan','Wintheiser','1999-06-04','m','984 Mable Views\nFraneckishire, AR 48591-5505',NULL),(100,'Matilda','Metz','2002-01-26','x','8713 Kody Motorway\nLake Diamondshire, KS 66087',NULL);
/*!40000 ALTER TABLE `profile` ENABLE KEYS */;
UNLOCK TABLES;

--
-- Table structure for table `user`
--

DROP TABLE IF EXISTS `user`;
/*!40101 SET @saved_cs_client     = @@character_set_client */;
/*!50503 SET character_set_client = utf8mb4 */;
CREATE TABLE `user` (
  `id` int unsigned NOT NULL AUTO_INCREMENT,
  `email` varchar(145) CHARACTER SET utf8mb4 COLLATE utf8mb4_unicode_ci NOT NULL,
  `phone` bigint NOT NULL COMMENT '79009009090',
  `password_hash` char(65) CHARACTER SET utf8mb4 COLLATE utf8mb4_unicode_ci DEFAULT NULL,
  `created_at` datetime NOT NULL DEFAULT CURRENT_TIMESTAMP,
  `updated_at` datetime DEFAULT NULL ON UPDATE CURRENT_TIMESTAMP,
  `deleted_at` datetime DEFAULT NULL,
  PRIMARY KEY (`id`),
  UNIQUE KEY `email_UNIQUE` (`email`),
  UNIQUE KEY `phone_UNIQUE` (`phone`)
) ENGINE=InnoDB AUTO_INCREMENT=101 DEFAULT CHARSET=utf8mb4 COLLATE=utf8mb4_unicode_ci;
/*!40101 SET character_set_client = @saved_cs_client */;

--
-- Dumping data for table `user`
--

LOCK TABLES `user` WRITE;
/*!40000 ALTER TABLE `user` DISABLE KEYS */;
INSERT INTO `user` VALUES (1,'kreiger.norbert@example.org',89998849402,'f2adb6b9018bfe4a9cbf8e9d0164d17ed297d609','2000-12-26 01:20:36',NULL,NULL),(2,'baltenwerth@example.com',89994936264,'a5a04588b1413a382f04f88487d682679535f041','2011-07-24 18:43:47','1991-04-06 07:09:30',NULL),(3,'granville93@example.net',89994747532,'f1e2a46ed99216ff19fed985cd290834aa50e405','2006-03-07 01:00:54',NULL,NULL),(4,'kellen.lang@example.org',89992353486,'0db8ebd5bd3f4bc49a4582228a971fef5b5595a9','1993-08-30 07:33:42',NULL,NULL),(5,'oankunding@example.com',89996309954,'ebce726db2e0bee918943fbff184933d107f9e6c','1970-02-03 21:47:24',NULL,NULL),(6,'jacey91@example.org',89995479807,'8d982546316757ce5de4dc71cb5095b20be079c1','1983-05-05 13:38:49','2012-01-16 13:35:50',NULL),(7,'rosamond13@example.com',89997569401,'24455755a981ef5b472db433f8d0fad5401e66f6','2012-12-15 02:12:03','2006-05-07 05:16:15',NULL),(8,'mabelle.mertz@example.org',89994839166,'8b84fc54ce042099885ccd3780009a5adea53b67','2001-08-25 21:31:56','2019-04-22 12:46:33',NULL),(9,'bschuster@example.net',89999314532,'6e503f62e0e07f0a8f26f8214901c204a7c6119e','2005-04-08 02:07:40','1981-07-16 02:47:22',NULL),(10,'jskiles@example.org',89996833877,'05a8211fc27acce5f14401b555fb10aeeb4d3f2b','1973-08-12 21:29:24','1972-10-28 12:31:25',NULL),(11,'jaydon.kozey@example.net',89994318998,'d0d07c346d21099297c2e0a5d3cc40c32ea0a1b4','2019-10-09 11:39:03',NULL,NULL),(12,'wyman.amalia@example.com',89996900486,'f51663a521c199465ff5be5b40139b6e9e5bddb6','2015-11-17 13:10:43','1973-05-26 08:06:07',NULL),(13,'savanah.schimmel@example.com',89999262996,'75c214b0e6fd3e8cd28982d43198ac626565301e','1976-01-19 16:27:54','1997-12-15 13:41:18',NULL),(14,'wdickens@example.net',89992633629,'c196f9567770a7db469622fbebce88b66d7f8d30','1991-06-14 03:50:39','1972-04-05 19:21:22',NULL),(15,'annetta98@example.org',89996406557,'7f04b664df33b25d01abfef2cb1a03d101ef6bf6','1974-07-15 01:08:14','1973-08-04 22:57:26',NULL),(16,'gsimonis@example.net',89994557742,'d8da25acf37922bd0a4fa20c36495fcaa4ceee37','1970-02-03 13:18:45',NULL,NULL),(17,'connor.hahn@example.net',89996702550,'9b42738ae85b03a19cb72762462dd06570ca7c7c','1997-01-06 19:50:39',NULL,NULL),(18,'effertz.adelle@example.org',89993511678,'c6a56a46368d4811d054498f308fd45508bc1f89','1980-10-26 22:17:08','1971-02-25 15:33:22',NULL),(19,'harber.jasmin@example.net',89998607573,'3bae5240b6e761a8352c2d6d38b9f140bf172b8f','1991-03-21 11:41:18',NULL,NULL),(20,'maryjane.kunze@example.net',89990667920,'5f44e31552fdb5e81e86da3342c7b65cf817c562','1993-01-25 10:39:09','1995-02-20 00:46:42',NULL),(21,'osvaldo90@example.net',89993619471,'7d720dedef923e8ffd1c27c54bd604134ab318bb','1991-06-10 16:23:43','2005-10-05 03:31:38',NULL),(22,'julian.weissnat@example.net',89997161289,'853839c24f0146c30eccc92e82592244abbda0bf','1990-10-09 11:05:21',NULL,NULL),(23,'libbie.padberg@example.org',89997663706,'edb063c5fe3325927520c65c8a7260525c604ba4','2007-10-12 10:41:38',NULL,NULL),(24,'ritchie.lenore@example.org',89997169905,'4cc18df3fa72efb5a8a37fe9faa2dc26966dfc1f','2002-06-12 16:22:05',NULL,NULL),(25,'dfeeney@example.org',89992032540,'33555e8739ef8acb8d64d0dc604b6fd4bc1892b2','1997-02-08 01:07:40','1984-01-01 13:46:58',NULL),(26,'huels.terrence@example.net',89995529586,'c1772f570b22358db09b689cd9c7d8b81b9cfa87','1982-01-01 02:12:10',NULL,NULL),(27,'nader.giuseppe@example.com',89995224043,'c58a294c7073fe528f89f5e20726ef80df2a7abb','1986-09-02 07:54:46',NULL,NULL),(28,'yjacobi@example.org',89997237901,'b8dd6c9a140ee33fc5b3be7e083ff86efaed74aa','1989-12-08 15:38:05','1989-04-22 17:36:30',NULL),(29,'jovani.nitzsche@example.org',89994520774,'40213cba9cbfc6f364a69ea7c39e866aa5f3f681','2008-02-17 14:51:14',NULL,NULL),(30,'corine62@example.com',89997595479,'aea8bc8a47534916dab285ecc90849aa2fa5fac0','1983-08-01 18:38:09','2004-11-20 14:50:48',NULL),(31,'gisselle04@example.org',89990553442,'5b96e554f5839a1fb74c33cfe0c725fb87a3baf3','1993-04-25 22:35:26','1986-02-07 15:31:53',NULL),(32,'brekke.cary@example.net',89993906679,'d9a3fe22283da2c33910b9551c9ca7caa7fee296','2004-02-18 05:58:58',NULL,NULL),(33,'hope13@example.com',89994740113,'22f4726f0c838ed4cfabf20d9c480bf6b54d5839','1981-05-18 06:40:46',NULL,NULL),(34,'tracey20@example.com',89993465468,'5348db6437dd45bf0ae2649c32aa9eb9cfe9736a','2014-12-24 16:22:25','2020-11-23 13:20:25',NULL),(35,'quitzon.shad@example.net',89998244261,'91ad8c33fa71e7d2446c1e93dd9afdf257e86931','2007-12-19 17:07:47',NULL,NULL),(36,'skiles.einar@example.net',89990220092,'c57588bd4650e92dc1f47124ed8a33ae08130672','1993-06-15 14:49:12','2002-04-18 21:48:34',NULL),(37,'kbauch@example.net',89995093351,'16957d33b5efb3f42c9985119ca7edd10adf23b6','2003-03-22 01:49:26','2015-06-14 18:37:24',NULL),(38,'paucek.jamel@example.net',89992471811,'595fa063244c089419118386b34146e550a8e1ca','2013-12-05 09:17:01',NULL,NULL),(39,'tate.ledner@example.org',89991540660,'fe15fcad7f44580752b70c3f70df677f7d7456f0','2004-08-26 04:46:25','2004-09-22 18:56:32',NULL),(40,'mitchell.reese@example.net',89994004200,'ef2671f2399548e0202a19583d80279693d3c12b','1999-04-10 08:33:52',NULL,NULL),(41,'hoppe.mathilde@example.net',89995037799,'244ea57dab1189ae54d85f443ab6ab6fc5b9307f','2001-11-20 02:06:38',NULL,NULL),(42,'cullen06@example.com',89991452735,'9b22c05f3184a437d02fe16a3f9b94a756c7d303','2014-07-22 19:54:19','1997-05-19 04:02:41',NULL),(43,'bruen.jadyn@example.net',89995239674,'0824256bcff6fbf343802f0ec05bd5234f34c020','2014-11-07 02:21:14',NULL,NULL),(44,'srunolfsdottir@example.com',89996586151,'2b116fd8cbc4cec873fe9c2b8498be5eb330e555','2002-04-10 06:59:44','1993-06-24 15:23:30',NULL),(45,'marvin.collier@example.org',89993234580,'d97a74a66fdb886963391638efd2ce2ac5830725','2020-07-02 20:35:59','1984-12-06 14:44:38',NULL),(46,'collins.maximilian@example.net',89993224974,'a2de846af4e445865250cf3e9f061f395f3b0ce0','1974-09-20 22:28:09',NULL,NULL),(47,'enrique.schamberger@example.org',89993118844,'b21d298fbd132a541971188cc2da2bd4e82b6dd3','2010-12-19 09:49:51','2005-03-04 04:29:11',NULL),(48,'denesik.eula@example.net',89998107193,'8c607439d93d2025d86929f32b92da27e01befdb','1979-06-05 23:00:35','2001-12-11 12:24:25',NULL),(49,'oswaldo.hettinger@example.net',89994140172,'184a4b97f5d3687ad889ea0b9fc9d0ad21fd87e7','1977-08-08 05:02:14','2010-10-22 15:16:46',NULL),(50,'lou.jones@example.org',89997953238,'fac945f5348b1bde519846b00bc70cd9949bae0e','2000-04-10 15:26:57','1982-09-19 14:48:11',NULL),(51,'nelle.bergnaum@example.net',89998103785,'fd0f8e5ee3846e24aa6c9d7a2f6e87690d3f2050','1979-01-29 05:32:59','1980-10-23 00:12:07',NULL),(52,'vincenza82@example.com',89991676114,'db1ab0a40feda93f2db2b66f16d6ba634d9bc161','1971-09-02 04:36:51','1997-01-17 14:17:46',NULL),(53,'alebsack@example.com',89998867326,'24a04926cb8946aa31c19ac6447b0e15408b4cbd','2006-09-07 07:26:38',NULL,NULL),(54,'d\'angelo.renner@example.com',89993555623,'a8ce195fcd046962982d6f9d07be872cf51f4060','2001-01-05 21:05:23','1993-02-02 21:37:50',NULL),(55,'darrel34@example.org',89994538922,'b9150b809944e842954aa9dd6afc4dca1cf7eb82','2003-06-03 21:15:26','2009-07-24 21:27:18',NULL),(56,'rfunk@example.net',89998343340,'f853cbd2cd1a4019af7876fa1ce54ec83c27612b','2003-04-28 15:20:12',NULL,NULL),(57,'lucy.gutkowski@example.net',89998527117,'c24fa034e7c29e047384a52b03d01040fc0ac7c9','2003-06-13 11:03:47',NULL,NULL),(58,'metz.dora@example.com',89998819808,'689a94270eba1b795f9750d3314673aeb22659c0','2004-12-11 04:42:34',NULL,NULL),(59,'keegan.wiegand@example.com',89998598029,'0e8a4e2b35a2501cd798a490ce0a2162c4f44165','1980-11-20 11:43:46','1987-05-12 00:45:15',NULL),(60,'brown.monte@example.com',89999910804,'c8c33ad926f4d3e5c2015f866370f02908a8dfde','1975-11-07 04:19:10','2014-06-20 14:50:49',NULL),(61,'lmiller@example.net',89996367664,'18f985299a21a8fc1c834b23a22c4bf239ec043d','1999-10-08 06:36:31',NULL,NULL),(62,'bailey.cheyenne@example.net',89993868741,'7a2bfde3eb8a9e59cf4e29816e9abcda5b0519cc','1983-04-01 12:45:06',NULL,NULL),(63,'prosacco.carlo@example.org',89992707032,'d0a91c867b93b09ffd8b92e0a6e2cec951f8acfc','1978-12-29 01:30:45','1986-12-01 14:57:44',NULL),(64,'emilio62@example.net',89994066194,'3547a535b5176ef9ed30ae944faa2162a46e64af','2000-05-30 15:14:35','1988-09-12 00:34:59',NULL),(65,'weissnat.meaghan@example.org',89998054607,'d5f167203950b32ad3fbd393fe5695a5a4741881','1988-06-23 18:01:43',NULL,NULL),(66,'veum.garth@example.com',89990784955,'3b43325b564c4d4b34e14aca97571e182e501adf','1970-06-10 06:43:29',NULL,NULL),(67,'karlee.kemmer@example.org',89998060311,'cde3b7bddbfde7a192c47c8c806778967482d6d9','2015-07-28 12:18:08',NULL,NULL),(68,'bartholome.reilly@example.com',89995341294,'8d9d5badbc492e5447045987f4e34fd67dc2b138','2018-02-15 21:39:26','1981-11-11 19:55:25',NULL),(69,'bashirian.dina@example.com',89993038296,'08cd8af37b19feb221861da89221dbe969e7c322','1972-03-13 09:14:37','2011-03-31 21:31:03',NULL),(70,'hleannon@example.com',89999848630,'2b807472cf42ed7bec731fc894f881116069f264','1979-12-08 20:14:34','2000-05-22 06:47:54',NULL),(71,'bryana.emmerich@example.org',89993162328,'4a3fe4adeb0615fda28276fa119296080ff68d91','2001-08-03 19:09:00','1972-10-13 05:13:42',NULL),(72,'jaime.smith@example.org',89991163486,'d813658d859a04d8ded5a1803d0cc167a0079718','1988-09-27 04:38:42',NULL,NULL),(73,'hgoodwin@example.net',89995598783,'a839d2ba4831987fa5a5854c458d06ce1e09d309','1982-01-28 23:15:02',NULL,NULL),(74,'tfunk@example.org',89990294173,'be324ece79485263a4fb2fbfdd79e252c7736674','2004-05-28 10:56:01',NULL,NULL),(75,'ferry.savanna@example.org',89996765902,'93472b56c70b6557678c8e9163f2d9a8c0863347','2014-10-05 00:10:17',NULL,NULL),(76,'eunice.robel@example.com',89995815109,'3b63038803d93fa013f217008db36b5bd4278b76','1996-10-16 00:25:49',NULL,NULL),(77,'lou32@example.com',89992069525,'5121c94a2723d11a182cb4fa5db090f06873e0d2','2017-02-10 09:41:04','2013-08-20 02:20:03',NULL),(78,'adelia.connelly@example.net',89993945352,'caf0dd78972e4d2383104b3d3a550c553bfd6403','2008-05-10 09:38:58','1994-07-10 05:47:20',NULL),(79,'bashirian.stephania@example.org',89993002647,'f9d7c72f01e627b3a2c57c9f3ca46408faa0942d','1981-12-09 16:36:06','1990-01-10 04:47:22',NULL),(80,'jhilpert@example.com',89995581329,'e6622db0284e3a96f0de813c2f4d8a0464a2408e','2002-08-12 10:05:55',NULL,NULL),(81,'clang@example.org',89992944545,'3c79b036f890aff3f7074d23e970719617c59c25','1997-11-16 08:05:23','2015-04-27 03:27:21',NULL),(82,'landen12@example.net',89998768273,'b0f06aed4cfa807e2fa39313fd008cc0b538525d','2000-01-04 07:50:18','1987-04-16 04:27:51',NULL),(83,'afton20@example.org',89999436224,'12fddce0423c76f4187b26866f511dc18d03ce78','1983-02-10 15:16:48',NULL,NULL),(84,'beau.lesch@example.org',89992909735,'05594732c8bb90ec0d8ccf0282bff2ef325d0439','1985-05-11 03:46:00','2020-12-05 08:47:33',NULL),(85,'demond.moen@example.org',89994811817,'db52e026b69f3d6171faecd2c5a3d72122814479','2019-11-12 03:29:20',NULL,NULL),(86,'rondricka@example.net',89998475412,'eb506423cc7f611e2c170a9dc3cf6b6abd4e71e8','1975-11-18 09:32:46','1999-07-17 20:51:20',NULL),(87,'mante.ignatius@example.net',89990714616,'da5f57d389a37799300ea2fd183504dfd3f4d086','2020-03-29 11:05:10',NULL,NULL),(88,'micah.botsford@example.org',89992264229,'14a2dda755a4c133c0efeaafad969c511a466e62','1977-06-14 01:28:32',NULL,NULL),(89,'flatley.kathlyn@example.net',89993525772,'5553570680886a455942ac28c3e77554a2e8cba7','2010-06-30 01:56:15','1987-09-05 23:11:41',NULL),(90,'gilda.jenkins@example.net',89999035981,'c58033b0d2d188ae558c91feaa07e259ffa7e127','2017-02-18 08:12:29','1996-10-26 09:18:04',NULL),(91,'hjacobson@example.com',89995875382,'bfc1a89d3f957d3b8adc401419e9cd44e9dbb0e9','1992-12-17 10:50:13','2020-08-10 23:49:32',NULL),(92,'pprohaska@example.org',89995635900,'bc45e2b605a198571091e814bb0b12e0398ace97','1988-08-02 01:26:50','2014-02-04 10:21:57',NULL),(93,'ebernier@example.org',89993113850,'ac5e819faa5cc6e16a796789796941745cb53e33','1987-09-18 10:40:32','1975-05-27 04:12:51',NULL),(94,'justus46@example.com',89997783001,'9147f9634f73da596f1dec301344b1cdc7691d35','2015-12-12 16:42:43','1980-04-20 06:49:38',NULL),(95,'elena93@example.org',89996358228,'6a42f64205632fa6e7e64b5320c1fe0c0615e486','1988-06-21 18:52:48',NULL,NULL),(96,'dedrick11@example.org',89991459706,'6de3244798d6bdf601ce2159f8236a0804fe2ed4','1992-08-07 06:16:24','2008-10-14 17:10:50',NULL),(97,'leffler.leif@example.org',89993015160,'24049153724e47c5055a46e483ca7ed153c2c2db','1999-02-28 01:07:24','1988-12-24 15:38:21',NULL),(98,'fluettgen@example.org',89998693741,'6343c85c20ad3962911485c7297325c2eb51c224','2011-03-14 02:31:28','2009-01-09 15:20:50',NULL),(99,'rosamond.brown@example.net',89990081156,'7503966cac58b39d367bbbf1f725a192530be202','2011-02-21 02:29:55','2016-09-10 08:23:34',NULL),(100,'josiah.williamson@example.net',89996837352,'b35b7fa63558ae4fa5687b74b590bf2a4fffdc7e','1992-07-01 12:20:41',NULL,NULL);
/*!40000 ALTER TABLE `user` ENABLE KEYS */;
UNLOCK TABLES;

--
-- Table structure for table `user_community`
--

DROP TABLE IF EXISTS `user_community`;
/*!40101 SET @saved_cs_client     = @@character_set_client */;
/*!50503 SET character_set_client = utf8mb4 */;
CREATE TABLE `user_community` (
  `community_id` int unsigned NOT NULL,
  `user_id` int unsigned NOT NULL,
  PRIMARY KEY (`community_id`,`user_id`),
  KEY `fk_user_community_community1_idx` (`community_id`),
  KEY `fk_user_community_user1_idx` (`user_id`),
  CONSTRAINT `fk_user_community_community1` FOREIGN KEY (`community_id`) REFERENCES `community` (`id`),
  CONSTRAINT `fk_user_community_user1` FOREIGN KEY (`user_id`) REFERENCES `user` (`id`)
) ENGINE=InnoDB DEFAULT CHARSET=utf8mb4 COLLATE=utf8mb4_unicode_ci;
/*!40101 SET character_set_client = @saved_cs_client */;

--
-- Dumping data for table `user_community`
--

LOCK TABLES `user_community` WRITE;
/*!40000 ALTER TABLE `user_community` DISABLE KEYS */;
INSERT INTO `user_community` VALUES (1,1),(1,2),(1,19),(1,24),(1,37),(1,44),(1,46),(1,67),(1,68),(1,82),(1,98),(1,100),(2,3),(2,6),(2,9),(2,11),(2,13),(2,26),(2,42),(2,60),(2,93),(2,97),(3,4),(3,7),(3,28),(3,40),(3,48),(3,71),(3,82),(3,95),(4,10),(4,14),(4,32),(4,34),(4,38),(4,42),(4,44),(4,45),(4,50),(4,52),(4,53),(4,84),(4,96),(5,22),(5,25),(5,41),(5,52),(5,53),(5,73),(5,100),(6,1),(6,8),(6,18),(6,24),(6,25),(6,47),(6,73),(6,75),(6,77),(6,85),(6,89),(7,6),(7,12),(7,21),(7,65),(7,74),(7,78),(7,82),(7,83),(7,84),(7,92),(8,19),(8,31),(8,34),(8,68),(8,79),(8,86),(9,1),(9,6),(9,12),(9,17),(9,19),(9,20),(9,33),(9,53),(9,57),(9,60),(9,62),(9,85),(9,87),(9,88),(10,26),(10,27),(10,45),(10,59);
/*!40000 ALTER TABLE `user_community` ENABLE KEYS */;
UNLOCK TABLES;

--
-- Table structure for table `user_has_user`
--

DROP TABLE IF EXISTS `user_has_user`;
/*!40101 SET @saved_cs_client     = @@character_set_client */;
/*!50503 SET character_set_client = utf8mb4 */;
CREATE TABLE `user_has_user` (
  `user_id` int unsigned NOT NULL,
  `user_id1` int unsigned NOT NULL,
  PRIMARY KEY (`user_id`,`user_id1`),
  KEY `fk_user_has_user_user2_idx` (`user_id1`),
  KEY `fk_user_has_user_user1_idx` (`user_id`),
  CONSTRAINT `fk_user_has_user_user1` FOREIGN KEY (`user_id`) REFERENCES `user` (`id`),
  CONSTRAINT `fk_user_has_user_user2` FOREIGN KEY (`user_id1`) REFERENCES `user` (`id`)
) ENGINE=InnoDB DEFAULT CHARSET=utf8mb4 COLLATE=utf8mb4_unicode_ci;
/*!40101 SET character_set_client = @saved_cs_client */;

--
-- Dumping data for table `user_has_user`
--

LOCK TABLES `user_has_user` WRITE;
/*!40000 ALTER TABLE `user_has_user` DISABLE KEYS */;
INSERT INTO `user_has_user` VALUES (98,98);
/*!40000 ALTER TABLE `user_has_user` ENABLE KEYS */;
UNLOCK TABLES;
/*!40103 SET TIME_ZONE=@OLD_TIME_ZONE */;

/*!40101 SET SQL_MODE=@OLD_SQL_MODE */;
/*!40014 SET FOREIGN_KEY_CHECKS=@OLD_FOREIGN_KEY_CHECKS */;
/*!40014 SET UNIQUE_CHECKS=@OLD_UNIQUE_CHECKS */;
/*!40101 SET CHARACTER_SET_CLIENT=@OLD_CHARACTER_SET_CLIENT */;
/*!40101 SET CHARACTER_SET_RESULTS=@OLD_CHARACTER_SET_RESULTS */;
/*!40101 SET COLLATION_CONNECTION=@OLD_COLLATION_CONNECTION */;
/*!40111 SET SQL_NOTES=@OLD_SQL_NOTES */;

-- Dump completed on 2021-03-01  0:29:31
