-- MySQL dump 10.13  Distrib 8.0.23, for Win64 (x86_64)
--
-- Host: 127.0.0.1    Database: crm
-- ------------------------------------------------------
-- Server version	8.0.22

/*!40101 SET @OLD_CHARACTER_SET_CLIENT=@@CHARACTER_SET_CLIENT */;
/*!40101 SET @OLD_CHARACTER_SET_RESULTS=@@CHARACTER_SET_RESULTS */;
/*!40101 SET @OLD_COLLATION_CONNECTION=@@COLLATION_CONNECTION */;
/*!50503 SET NAMES utf8 */;
/*!40103 SET @OLD_TIME_ZONE=@@TIME_ZONE */;
/*!40103 SET TIME_ZONE='+00:00' */;
/*!40014 SET @OLD_UNIQUE_CHECKS=@@UNIQUE_CHECKS, UNIQUE_CHECKS=0 */;
/*!40014 SET @OLD_FOREIGN_KEY_CHECKS=@@FOREIGN_KEY_CHECKS, FOREIGN_KEY_CHECKS=0 */;
/*!40101 SET @OLD_SQL_MODE=@@SQL_MODE, SQL_MODE='NO_AUTO_VALUE_ON_ZERO' */;
/*!40111 SET @OLD_SQL_NOTES=@@SQL_NOTES, SQL_NOTES=0 */;

--
-- Temporary view structure for view `call`
--

DROP TABLE IF EXISTS `call`;
/*!50001 DROP VIEW IF EXISTS `call`*/;
SET @saved_cs_client     = @@character_set_client;
/*!50503 SET character_set_client = utf8mb4 */;
/*!50001 CREATE VIEW `call` AS SELECT 
 1 AS `id`,
 1 AS `id_to`,
 1 AS `name`,
 1 AS `id_from`,
 1 AS `date_call`,
 1 AS `time_call`,
 1 AS `call_inner_number`,
 1 AS `call_number`*/;
SET character_set_client = @saved_cs_client;

--
-- Table structure for table `calls`
--

DROP TABLE IF EXISTS `calls`;
/*!40101 SET @saved_cs_client     = @@character_set_client */;
/*!50503 SET character_set_client = utf8mb4 */;
CREATE TABLE `calls` (
  `id` int unsigned NOT NULL AUTO_INCREMENT,
  `to_user_id` int unsigned NOT NULL,
  `from_user_id` int unsigned DEFAULT NULL,
  `from_number` tinyint DEFAULT NULL,
  `at_start_call` datetime NOT NULL DEFAULT CURRENT_TIMESTAMP,
  `at_end_call` datetime DEFAULT NULL,
  PRIMARY KEY (`id`),
  KEY `fk_call_user_id_to_idx` (`to_user_id`),
  KEY `fk_call_user_id_from_idx` (`from_user_id`),
  CONSTRAINT `fk_call_user_id_from` FOREIGN KEY (`from_user_id`) REFERENCES `user` (`id`),
  CONSTRAINT `fk_call_user_id_to` FOREIGN KEY (`to_user_id`) REFERENCES `user` (`id`)
) ENGINE=InnoDB AUTO_INCREMENT=101 DEFAULT CHARSET=utf8;
/*!40101 SET character_set_client = @saved_cs_client */;

--
-- Dumping data for table `calls`
--

LOCK TABLES `calls` WRITE;
/*!40000 ALTER TABLE `calls` DISABLE KEYS */;
INSERT INTO `calls` VALUES (1,61,65,127,'1992-09-14 04:31:38','1994-10-28 14:37:15'),(2,100,62,127,'1973-09-14 10:01:20','1973-10-16 07:48:04'),(3,8,24,127,'2009-03-02 00:29:26','2009-08-28 21:39:49'),(4,20,65,127,'1990-10-05 23:34:36','1991-09-23 13:57:27'),(5,43,88,127,'2020-10-17 19:16:25','2020-11-01 14:31:02'),(6,91,52,127,'1995-01-08 03:00:25','1995-12-07 03:32:54'),(7,91,28,127,'2020-07-11 07:28:01','2020-08-19 05:57:40'),(8,19,84,127,'1993-10-30 11:57:40','1993-11-20 19:06:02'),(9,16,7,3,'1979-09-28 22:55:52','2018-08-14 13:01:57'),(10,29,70,127,'1972-06-08 17:36:41','1981-07-26 02:07:32'),(11,77,30,34,'2011-12-11 23:53:10','2011-12-13 16:54:38'),(12,99,30,64,'2012-07-06 18:00:10','2012-12-30 09:35:22'),(13,70,37,87,'2012-12-01 17:07:27','2014-04-21 12:32:00'),(14,22,57,23,'2001-09-29 07:44:33','2002-05-20 08:51:13'),(15,20,99,127,'1984-12-09 09:22:25','1984-12-15 07:27:36'),(16,56,88,87,'2003-02-05 23:22:47','2010-06-03 21:47:18'),(17,68,80,127,'2002-02-08 19:40:43','2002-05-30 00:30:36'),(18,88,98,127,'2010-07-04 22:14:15','2015-01-03 09:22:36'),(19,46,14,127,'2014-12-23 06:06:15','2014-12-25 07:40:34'),(20,58,43,127,'1978-10-11 01:24:50','1979-02-25 20:34:34'),(21,96,19,127,'1975-04-23 11:14:40','1999-11-04 08:50:13'),(22,99,17,124,'1984-08-12 15:04:43','2007-12-25 17:33:18'),(23,64,87,127,'1973-09-24 10:57:35','2010-06-07 23:13:53'),(24,51,9,127,'1987-10-02 02:03:43','1987-10-07 15:51:27'),(25,4,28,0,'2014-01-08 17:56:09','2015-04-08 03:35:48'),(26,43,83,127,'1971-08-19 18:59:05','2014-03-29 23:57:09'),(27,35,51,0,'2005-04-06 14:41:14','2005-10-24 11:39:35'),(28,54,39,127,'2002-05-26 09:11:59','2012-05-07 19:38:51'),(29,56,84,127,'1977-01-23 09:49:51','2006-12-08 18:52:19'),(30,65,42,127,'1982-10-20 22:21:38','1995-08-06 04:59:46'),(31,42,37,0,'1971-01-28 02:51:29','1992-07-21 13:02:28'),(32,50,36,127,'2003-03-04 02:05:41','2020-07-07 02:03:20'),(33,86,100,0,'2010-11-11 18:59:06','2013-06-16 18:13:13'),(34,59,50,127,'1980-08-28 16:31:29','1992-03-19 20:57:20'),(35,88,53,0,'1975-02-11 01:23:31','1975-12-22 06:04:20'),(36,15,96,127,'1993-06-28 00:27:21','1993-06-29 10:36:47'),(37,31,31,127,'2007-03-18 02:31:34','2021-03-19 07:44:08'),(38,28,85,0,'1995-11-30 14:04:36','2005-03-02 04:29:25'),(39,22,40,127,'1978-10-06 19:29:57','2009-01-05 02:14:55'),(40,29,5,127,'2013-11-01 16:25:31','2013-11-19 22:16:01'),(41,79,47,127,'2010-05-16 08:24:22','2010-09-22 08:38:28'),(42,47,96,0,'2005-04-23 22:41:46','2005-05-17 01:41:47'),(43,32,81,127,'2004-05-02 22:53:36','2004-07-07 15:45:58'),(44,4,39,0,'1998-01-25 22:13:27','1998-07-29 19:35:21'),(45,84,27,127,'2019-09-17 04:23:51','2019-10-09 08:42:33'),(46,91,41,127,'1978-09-04 20:32:01','2014-07-27 14:06:52'),(47,80,72,0,'1988-08-08 17:10:13','1999-11-13 20:03:21'),(48,20,99,0,'2018-11-19 12:54:13','2018-12-22 18:50:56'),(49,97,20,0,'1995-12-25 08:30:57','1995-12-26 02:53:40'),(50,59,49,127,'1986-10-06 11:10:18','2000-08-27 12:52:02'),(51,62,27,0,'1994-09-13 23:22:34','1994-11-18 21:13:29'),(52,1,74,0,'1982-07-29 12:33:19','1988-06-23 16:57:33'),(53,77,6,0,'2020-09-25 12:08:21','2020-09-25 21:46:57'),(54,51,9,0,'1997-10-29 11:46:43','2002-02-16 04:39:00'),(55,76,92,127,'2011-01-17 04:21:27','2011-07-06 01:07:27'),(56,53,82,0,'1978-12-02 02:50:22','2017-11-24 12:00:54'),(57,26,62,127,'1988-03-17 22:58:52','2012-03-11 11:02:32'),(58,29,81,0,'1982-09-22 04:04:51','1999-04-04 04:17:05'),(59,17,78,0,'2007-09-12 14:53:41','2007-11-23 12:49:58'),(60,44,36,0,'2000-06-28 06:21:17','2005-02-23 13:26:55'),(61,76,98,0,'1996-04-25 16:04:14','1996-05-07 12:54:27'),(62,54,99,0,'2013-03-21 18:22:18','2013-03-27 10:52:28'),(63,28,75,0,'2002-08-14 21:37:11','2003-11-21 10:34:40'),(64,82,26,127,'1971-11-19 18:59:15','1986-03-05 19:48:27'),(65,75,1,0,'2005-04-05 13:52:35','2005-08-08 05:54:37'),(66,94,53,127,'1981-03-05 20:22:02','1993-07-26 06:01:16'),(67,53,78,127,'1991-08-27 18:29:27','1998-04-20 05:24:02'),(68,84,7,0,'2009-07-19 18:48:07','2009-08-24 09:57:25'),(69,12,23,0,'1982-12-13 22:17:34','2017-07-21 18:31:09'),(70,61,67,0,'1999-11-29 01:21:18','2012-07-19 03:52:56'),(71,57,43,127,'1972-06-30 01:26:11','1972-10-06 18:49:36'),(72,80,97,0,'1993-10-06 18:23:03','1994-12-11 07:25:17'),(73,77,24,0,'2014-11-24 09:52:17','2015-04-01 20:42:50'),(74,78,5,127,'2004-08-17 13:03:11','2007-10-29 14:39:17'),(75,88,79,0,'1978-01-15 17:23:12','1998-02-10 11:18:19'),(76,90,73,127,'1986-04-20 17:07:18','2001-10-17 22:30:44'),(77,73,26,0,'2010-05-30 23:32:20','2010-06-29 17:58:39'),(78,18,9,0,'2009-08-15 17:12:56','2009-09-19 15:26:01'),(79,43,21,127,'2002-09-24 22:10:20','2003-05-19 08:26:18'),(80,45,81,127,'1982-12-14 16:21:52','1982-12-16 01:12:59'),(81,83,38,127,'1989-11-10 11:08:59','1990-12-04 23:45:09'),(82,18,17,127,'2007-05-06 17:47:22','2008-06-01 12:03:40'),(83,52,93,127,'1997-10-03 11:30:01','2002-01-14 17:52:57'),(84,60,71,127,'1991-07-29 09:49:54','2006-03-22 00:31:10'),(85,94,59,127,'2018-08-28 12:07:03','2019-06-12 17:03:44'),(86,28,48,0,'1981-01-04 04:05:02','1989-09-10 22:18:14'),(87,15,21,127,'2005-02-06 04:54:43','2006-08-16 03:05:49'),(88,80,38,127,'1999-10-19 16:42:06','2013-09-18 17:07:00'),(89,51,81,127,'2018-04-12 05:13:58','2019-04-30 23:02:46'),(90,45,25,0,'1993-06-30 19:09:28','1994-07-16 12:52:17'),(91,6,8,127,'2008-12-08 10:31:57','2009-08-13 07:14:02'),(92,10,26,127,'1994-11-20 22:22:55','1995-08-30 20:46:38'),(93,10,77,127,'1970-01-29 10:52:24','1978-12-19 01:48:19'),(94,32,37,0,'2012-10-03 02:53:42','2013-11-27 11:16:16'),(95,60,30,127,'2010-01-30 08:47:09','2014-05-13 19:35:12'),(96,66,58,0,'2004-11-21 14:40:51','2004-12-30 09:41:42'),(97,45,72,127,'1981-11-21 19:58:12','1991-06-20 06:21:52'),(98,49,51,127,'2009-08-26 09:36:15','2010-02-25 23:49:22'),(99,62,2,0,'2020-06-20 00:06:36','2020-12-22 13:51:59'),(100,95,46,0,'1979-01-27 04:15:44','1998-06-26 16:22:25');
/*!40000 ALTER TABLE `calls` ENABLE KEYS */;
UNLOCK TABLES;

--
-- Table structure for table `chat`
--

DROP TABLE IF EXISTS `chat`;
/*!40101 SET @saved_cs_client     = @@character_set_client */;
/*!50503 SET character_set_client = utf8mb4 */;
CREATE TABLE `chat` (
  `id` int unsigned NOT NULL AUTO_INCREMENT,
  `to_user_id` int unsigned NOT NULL,
  `from_user_id` int unsigned NOT NULL,
  `text` varchar(256) NOT NULL,
  `file_id` int unsigned DEFAULT NULL,
  `at_create` datetime NOT NULL DEFAULT CURRENT_TIMESTAMP,
  `at_update` datetime DEFAULT NULL,
  `at_delete` datetime DEFAULT NULL,
  PRIMARY KEY (`id`),
  KEY `fk_files_chat` (`file_id`),
  KEY `fk_id_chat_to` (`to_user_id`),
  KEY `fk_id_chat_from` (`from_user_id`),
  CONSTRAINT `fk_id_chat_from` FOREIGN KEY (`from_user_id`) REFERENCES `user` (`id`) ON UPDATE CASCADE,
  CONSTRAINT `fk_id_chat_to` FOREIGN KEY (`to_user_id`) REFERENCES `user` (`id`) ON UPDATE CASCADE,
  CONSTRAINT `fl_chat_files` FOREIGN KEY (`file_id`) REFERENCES `files` (`id`)
) ENGINE=InnoDB AUTO_INCREMENT=101 DEFAULT CHARSET=utf8;
/*!40101 SET character_set_client = @saved_cs_client */;

--
-- Dumping data for table `chat`
--

LOCK TABLES `chat` WRITE;
/*!40000 ALTER TABLE `chat` DISABLE KEYS */;
INSERT INTO `chat` VALUES (1,93,89,'Qui illum voluptatum illo et.',91,'2010-09-23 15:44:05','2010-08-28 23:15:22','2017-10-18 19:56:20'),(2,1,97,'Maiores velit ad rerum id.',9,'1983-11-07 09:58:11','1988-11-04 06:51:41','2007-06-10 12:18:27'),(3,59,2,'Libero vel corrupti et.',17,'2007-01-15 03:03:00','0000-00-00 00:00:00','0000-00-00 00:00:00'),(4,41,85,'Sit quisquam itaque debitis.',47,'2006-07-21 00:13:11','2006-12-22 10:23:50','1981-06-26 03:05:39'),(5,43,90,'Commodi sunt cum saepe autem.',9,'2007-01-09 17:19:33','0000-00-00 00:00:00','0000-00-00 00:00:00'),(6,65,58,'Optio et pariatur nemo et.',77,'2017-07-14 16:40:53','2009-11-21 23:44:51','0000-00-00 00:00:00'),(7,51,6,'Iusto laboriosam est ea.',27,'1971-11-05 22:17:44','2019-01-17 02:31:43','0000-00-00 00:00:00'),(8,82,51,'Impedit ullam facilis a quo.',68,'1997-11-23 00:26:20','1983-10-13 17:33:31','1976-07-01 11:36:54'),(9,46,13,'Sit modi voluptates iusto.',63,'1995-12-11 02:19:23','2005-03-28 23:04:41','0000-00-00 00:00:00'),(10,80,23,'Qui ratione in maxime fugit.',31,'2009-06-20 15:33:40','1984-03-26 22:08:27','0000-00-00 00:00:00'),(11,26,16,'Saepe molestiae officia ea.',19,'1975-04-01 17:25:41','0000-00-00 00:00:00','2009-11-10 23:23:15'),(12,17,16,'Fuga perspiciatis in dolore.',16,'1973-11-06 19:34:36','0000-00-00 00:00:00','2015-11-25 06:49:02'),(13,25,74,'Est dolore qui consequatur.',18,'1993-01-05 01:24:27','1970-02-14 10:00:09','0000-00-00 00:00:00'),(14,42,15,'Quia nostrum nemo et eveniet.',3,'1985-02-24 00:32:05','0000-00-00 00:00:00','0000-00-00 00:00:00'),(15,88,58,'Amet ut sint reiciendis.',93,'1979-04-13 00:27:56','0000-00-00 00:00:00','1979-09-09 21:02:31'),(16,96,22,'Voluptas non rerum dolores.',50,'2017-01-07 00:08:32','1976-02-21 21:25:33','0000-00-00 00:00:00'),(17,73,73,'Modi molestias et ut aliquid.',56,'2020-11-17 04:17:44','2013-07-17 00:37:30','1996-05-26 13:29:50'),(18,99,54,'Voluptatem qui et et ex.',6,'1979-12-19 22:42:55','0000-00-00 00:00:00','2005-11-02 09:47:20'),(19,67,100,'Qui et nesciunt ut.',18,'1973-09-19 13:14:45','0000-00-00 00:00:00','2004-04-16 23:29:50'),(20,30,79,'Velit ut cum natus aut.',41,'1976-11-06 01:14:13','1975-03-10 09:42:33','2003-11-08 16:15:35'),(21,60,5,'Aut id quas ducimus odio.',56,'1997-12-04 09:20:19','0000-00-00 00:00:00','0000-00-00 00:00:00'),(22,79,21,'Qui sed placeat aut modi aut.',71,'1995-12-30 23:22:48','2002-12-06 08:25:41','1992-06-18 03:44:48'),(23,95,46,'Omnis fugit ut ipsa ipsa ut.',45,'2000-12-22 09:37:17','2008-05-02 05:46:40','2012-11-19 21:51:29'),(24,12,87,'Totam enim tenetur illum cum.',59,'2015-03-04 12:55:56','1971-06-17 05:39:27','0000-00-00 00:00:00'),(25,15,75,'Sunt minus ut eum enim sit.',16,'2020-05-13 14:21:59','2010-04-13 08:44:53','0000-00-00 00:00:00'),(26,7,71,'Fugiat aut sequi eveniet.',38,'1974-10-27 13:57:59','1987-10-14 17:48:03','0000-00-00 00:00:00'),(27,56,43,'Numquam et quo ipsam quidem.',10,'1989-08-05 16:08:11','2006-06-04 23:37:23','0000-00-00 00:00:00'),(28,12,42,'Harum at impedit sunt non.',63,'2007-07-27 19:35:22','1996-07-12 04:50:18','0000-00-00 00:00:00'),(29,17,8,'Dolores hic illum aut quo.',62,'1977-08-22 14:39:36','1984-06-22 22:21:20','0000-00-00 00:00:00'),(30,35,38,'Illo corrupti qui nisi.',41,'1989-06-20 01:37:00','0000-00-00 00:00:00','0000-00-00 00:00:00'),(31,76,97,'Temporibus veritatis ut ut.',46,'1987-09-07 13:18:03','0000-00-00 00:00:00','0000-00-00 00:00:00'),(32,31,76,'Vitae qui eum a vel alias.',66,'2017-04-30 23:23:44','0000-00-00 00:00:00','0000-00-00 00:00:00'),(33,2,70,'Velit ad aspernatur et.',12,'1989-03-28 04:54:44','0000-00-00 00:00:00','0000-00-00 00:00:00'),(34,47,82,'Explicabo nisi omnis non.',99,'1994-01-27 07:04:31','2010-02-21 14:49:56','2001-09-20 19:35:58'),(35,5,96,'Nesciunt non debitis qui.',73,'1991-09-20 15:33:31','0000-00-00 00:00:00','1974-10-31 15:17:06'),(36,21,2,'Enim beatae atque non.',43,'1971-08-08 02:56:08','0000-00-00 00:00:00','2006-11-09 12:48:38'),(37,58,58,'Ea voluptatum nam totam ex.',85,'1979-09-26 14:01:52','2003-09-18 08:19:41','0000-00-00 00:00:00'),(38,68,69,'In provident magnam est in.',26,'1977-12-21 05:39:41','1995-07-04 20:57:18','2005-03-05 11:24:22'),(39,30,86,'Error dolor nulla ut rerum.',34,'1996-11-05 06:29:15','1975-03-07 01:58:55','0000-00-00 00:00:00'),(40,92,21,'Quis excepturi provident aut.',71,'2014-05-03 15:00:04','1979-04-28 14:54:35','0000-00-00 00:00:00'),(41,33,96,'Sit et est est.',68,'1990-06-08 06:38:03','0000-00-00 00:00:00','2015-12-16 23:46:07'),(42,78,27,'Numquam minus est ex earum.',44,'1986-03-23 13:37:39','1980-03-02 02:10:02','1998-08-14 14:34:45'),(43,44,29,'Quo nulla enim aperiam.',13,'1978-06-21 03:13:17','2008-07-03 23:41:24','0000-00-00 00:00:00'),(44,55,75,'Rerum nesciunt aut rerum.',95,'1978-07-19 19:31:33','1985-04-10 01:37:02','1994-05-04 10:13:47'),(45,53,80,'Ut eum corrupti dolorum.',91,'1978-10-27 03:49:15','0000-00-00 00:00:00','2011-01-19 21:10:56'),(46,26,1,'Voluptatum dolorem optio est.',93,'2001-09-04 19:41:13','0000-00-00 00:00:00','0000-00-00 00:00:00'),(47,68,59,'Modi facere nobis quibusdam.',50,'1978-12-11 19:25:13','0000-00-00 00:00:00','1989-09-24 02:18:38'),(48,53,26,'Veniam et vel quo at sed.',19,'2017-09-26 14:35:50','0000-00-00 00:00:00','2016-12-27 06:20:17'),(49,79,56,'Aut excepturi perferendis ut.',5,'2009-03-17 08:36:49','0000-00-00 00:00:00','0000-00-00 00:00:00'),(50,12,48,'Optio qui voluptates qui et.',25,'1993-07-21 07:20:05','1980-08-08 15:20:14','1974-02-27 13:25:14'),(51,83,80,'Ipsum velit natus et est.',21,'2008-05-08 01:35:33','2015-11-25 03:42:53','2009-06-16 13:59:04'),(52,51,58,'Dolores et modi veritatis ea.',48,'1996-01-01 15:16:40','2001-12-19 16:10:46','2005-12-23 18:05:16'),(53,94,1,'Vel est sint cupiditate quia.',76,'2012-11-29 22:49:58','1999-04-29 03:03:56','0000-00-00 00:00:00'),(54,7,56,'Dignissimos quidem quos qui.',51,'2020-11-01 17:31:31','1976-08-20 05:29:48','2005-03-02 06:38:41'),(55,1,9,'Eum odit nam sint et.',30,'1986-12-10 18:45:24','1993-05-24 15:19:43','0000-00-00 00:00:00'),(56,91,34,'Quo esse soluta non.',31,'2009-01-14 16:23:55','2005-02-27 16:25:08','0000-00-00 00:00:00'),(57,83,1,'Esse autem sint eos possimus.',89,'1972-08-30 03:16:23','1993-12-11 03:58:48','0000-00-00 00:00:00'),(58,33,53,'Omnis ullam iste quia ipsum.',14,'1991-09-17 19:38:17','0000-00-00 00:00:00','1977-06-30 18:33:36'),(59,52,31,'Laboriosam nisi magni vero.',69,'2008-06-28 08:49:48','0000-00-00 00:00:00','0000-00-00 00:00:00'),(60,56,43,'Est aut voluptas itaque quia.',16,'2019-01-15 03:04:27','0000-00-00 00:00:00','0000-00-00 00:00:00'),(61,81,26,'Voluptas ab quaerat debitis.',96,'1989-12-25 17:47:04','0000-00-00 00:00:00','2019-02-21 07:42:59'),(62,1,76,'A est odio vitae qui.',53,'1994-09-12 03:50:01','0000-00-00 00:00:00','0000-00-00 00:00:00'),(63,48,69,'Quis unde iusto fuga a.',53,'2007-03-22 08:12:16','0000-00-00 00:00:00','2001-08-05 11:57:12'),(64,24,75,'Repellat autem ut vel.',9,'1997-08-26 02:22:11','1978-07-15 16:44:08','1987-07-04 19:37:17'),(65,74,76,'Eum nihil sed ratione animi.',17,'2008-07-18 18:49:05','2000-01-21 10:31:02','0000-00-00 00:00:00'),(66,4,67,'Et a consequatur nulla autem.',50,'2015-06-05 02:41:02','0000-00-00 00:00:00','0000-00-00 00:00:00'),(67,35,49,'Aut in vero atque ullam.',51,'2002-10-06 01:26:06','0000-00-00 00:00:00','0000-00-00 00:00:00'),(68,23,82,'Quia iure natus vero officia.',4,'2003-06-28 11:24:28','0000-00-00 00:00:00','1992-01-04 16:30:34'),(69,37,33,'Ullam deserunt rem iure quae.',35,'1986-04-10 11:37:47','1972-05-25 13:11:09','1982-01-01 11:41:48'),(70,6,89,'Officia ad nisi nam nihil.',77,'2009-05-16 17:37:04','1992-08-25 19:29:10','1998-04-03 10:03:51'),(71,21,69,'Vel aspernatur ut quos aut.',3,'2018-09-18 15:23:57','1979-10-14 01:31:16','0000-00-00 00:00:00'),(72,17,70,'Sunt unde aliquam nam.',78,'1983-02-16 16:59:19','2002-10-28 04:31:33','0000-00-00 00:00:00'),(73,69,18,'Iure qui et deleniti.',47,'2000-02-01 22:13:10','1996-04-23 00:29:04','1984-02-11 12:13:52'),(74,22,42,'Aspernatur cum autem vel vel.',22,'1985-04-03 19:51:38','1988-08-30 01:42:54','1990-09-25 21:22:40'),(75,30,15,'Sint doloremque odio rerum.',97,'1979-08-09 18:38:29','1976-08-19 12:04:26','0000-00-00 00:00:00'),(76,47,19,'Sint at at debitis eos.',63,'1999-08-27 17:44:10','0000-00-00 00:00:00','2015-11-17 20:39:46'),(77,97,53,'Laudantium magni sed velit.',12,'2014-03-19 09:30:38','0000-00-00 00:00:00','0000-00-00 00:00:00'),(78,47,76,'Porro dolores harum non iste.',93,'1986-08-21 11:34:03','1988-10-11 11:52:26','1984-01-12 21:23:41'),(79,50,12,'Qui voluptate non est.',26,'2005-12-28 09:17:23','1995-09-09 15:00:35','2016-02-17 05:59:25'),(80,85,17,'Voluptates et veniam alias.',14,'2017-09-12 15:12:04','1998-03-22 07:56:51','0000-00-00 00:00:00'),(81,62,38,'Est explicabo quia aut autem.',83,'2002-03-01 01:06:38','1994-03-29 15:00:56','1974-10-02 15:46:12'),(82,64,54,'Enim libero aut quia.',53,'1988-04-21 12:55:41','0000-00-00 00:00:00','0000-00-00 00:00:00'),(83,41,23,'Sit ea et sint.',70,'1992-06-22 23:51:48','0000-00-00 00:00:00','1975-06-16 09:56:16'),(84,88,45,'Nesciunt sed optio expedita.',11,'1996-05-30 17:28:38','1994-06-22 06:54:56','2011-12-28 05:51:08'),(85,9,75,'Omnis dolores velit aliquam.',26,'1992-11-07 11:02:39','0000-00-00 00:00:00','1987-07-03 22:25:07'),(86,5,21,'Eaque quos totam corrupti.',45,'2018-05-07 05:59:40','1992-02-15 16:48:09','0000-00-00 00:00:00'),(87,68,17,'Commodi fuga nam dolore.',98,'2006-10-16 15:19:35','0000-00-00 00:00:00','0000-00-00 00:00:00'),(88,79,63,'Quidem non saepe enim ut.',73,'1975-01-09 04:37:44','0000-00-00 00:00:00','2000-03-11 23:34:23'),(89,72,13,'Et cupiditate qui iste animi.',85,'1979-10-19 07:08:45','0000-00-00 00:00:00','1997-02-08 05:30:55'),(90,98,98,'Eveniet et cum est voluptate.',1,'2013-08-12 05:05:54','0000-00-00 00:00:00','1977-03-08 10:36:34'),(91,12,59,'Quis sint sapiente et.',39,'1977-09-13 01:12:58','1999-06-28 10:41:58','0000-00-00 00:00:00'),(92,95,22,'At dolorum quibusdam ullam.',93,'1988-02-09 14:11:15','0000-00-00 00:00:00','0000-00-00 00:00:00'),(93,47,63,'A incidunt in esse.',15,'1977-04-18 17:47:03','0000-00-00 00:00:00','0000-00-00 00:00:00'),(94,16,50,'Magnam iusto doloribus aut.',59,'1976-02-05 18:57:33','1993-07-19 18:18:29','0000-00-00 00:00:00'),(95,27,59,'Et quia dolores dolore vero.',33,'2011-12-05 10:29:29','0000-00-00 00:00:00','0000-00-00 00:00:00'),(96,53,64,'Est ut cum voluptatem.',54,'1985-05-06 04:08:37','0000-00-00 00:00:00','2003-01-17 10:45:26'),(97,97,31,'Et ipsa eos ut.',70,'2013-10-21 05:41:29','1983-07-06 16:32:00','1997-04-11 07:34:38'),(98,95,10,'Et et magnam molestiae et.',33,'1979-09-16 08:27:36','1986-09-17 22:12:31','1998-08-09 12:54:47'),(99,68,82,'Eos omnis dignissimos et in.',46,'1996-03-27 01:09:48','0000-00-00 00:00:00','1978-09-26 16:46:45'),(100,52,79,'Dolorem aut id sit eos nihil.',43,'1978-06-20 07:59:38','2007-05-19 00:07:00','0000-00-00 00:00:00');
/*!40000 ALTER TABLE `chat` ENABLE KEYS */;
UNLOCK TABLES;

--
-- Table structure for table `coffe_brake`
--

DROP TABLE IF EXISTS `coffe_brake`;
/*!40101 SET @saved_cs_client     = @@character_set_client */;
/*!50503 SET character_set_client = utf8mb4 */;
CREATE TABLE `coffe_brake` (
  `id` int unsigned NOT NULL AUTO_INCREMENT,
  `user_id` int unsigned NOT NULL,
  `time_coffebrake_start` datetime NOT NULL DEFAULT CURRENT_TIMESTAMP COMMENT 'Время начала перерыва',
  `time_coffebrake_end` datetime DEFAULT NULL COMMENT 'Время окончания перерыва',
  PRIMARY KEY (`id`),
  KEY `fk_coffe_brake_user_id_idx` (`user_id`),
  CONSTRAINT `fk_coffe_brake_user_id` FOREIGN KEY (`user_id`) REFERENCES `user` (`id`)
) ENGINE=InnoDB AUTO_INCREMENT=21 DEFAULT CHARSET=utf8;
/*!40101 SET character_set_client = @saved_cs_client */;

--
-- Dumping data for table `coffe_brake`
--

LOCK TABLES `coffe_brake` WRITE;
/*!40000 ALTER TABLE `coffe_brake` DISABLE KEYS */;
INSERT INTO `coffe_brake` VALUES (1,1,'1989-10-08 11:35:09','2006-08-15 01:09:31'),(2,2,'1988-05-10 14:57:55','2020-04-23 17:57:20'),(3,3,'2012-09-07 17:06:08','2018-07-13 18:10:54'),(4,4,'2015-07-31 07:07:32','2015-08-08 11:52:44'),(5,5,'2006-08-07 00:58:55','2015-01-23 04:42:13'),(6,6,'1984-07-16 03:16:49','1996-12-12 15:56:53'),(7,7,'2020-01-07 03:23:48','2020-03-20 15:47:06'),(8,8,'2013-11-06 02:26:20','2014-03-31 00:04:05'),(9,9,'2006-09-11 16:08:48','2006-11-13 01:59:07'),(10,10,'1975-12-12 04:05:06','1976-07-24 04:14:53'),(11,11,'2002-12-15 14:56:13','2003-04-05 13:52:34'),(12,12,'1981-11-22 21:43:53','1986-07-09 09:44:32'),(13,13,'1992-07-23 17:58:35','2003-06-10 07:56:41'),(14,14,'1982-06-03 05:12:04','1982-07-05 20:58:36'),(15,15,'1973-12-20 10:58:14','1973-12-26 19:58:33'),(16,16,'2003-09-05 22:15:24','2019-12-07 08:40:37'),(17,17,'2016-04-22 12:36:33','2018-08-21 00:35:16'),(18,18,'1973-08-22 15:59:23','1984-06-02 01:25:32'),(19,19,'2007-08-13 23:17:12','2007-09-11 05:05:54'),(20,20,'1972-03-31 07:41:26','1972-04-25 21:18:37');
/*!40000 ALTER TABLE `coffe_brake` ENABLE KEYS */;
UNLOCK TABLES;

--
-- Temporary view structure for view `count_event`
--

DROP TABLE IF EXISTS `count_event`;
/*!50001 DROP VIEW IF EXISTS `count_event`*/;
SET @saved_cs_client     = @@character_set_client;
/*!50503 SET character_set_client = utf8mb4 */;
/*!50001 CREATE VIEW `count_event` AS SELECT 
 1 AS `id`,
 1 AS `status_event`,
 1 AS `start_event`,
 1 AS `finish_event`,
 1 AS `to_user_name`,
 1 AS `to_user_inner_number`,
 1 AS `from_user_name`,
 1 AS `from_user_inner_number`*/;
SET character_set_client = @saved_cs_client;

--
-- Table structure for table `event`
--

DROP TABLE IF EXISTS `event`;
/*!40101 SET @saved_cs_client     = @@character_set_client */;
/*!50503 SET character_set_client = utf8mb4 */;
CREATE TABLE `event` (
  `id` int unsigned NOT NULL AUTO_INCREMENT,
  `status_event_id` int unsigned NOT NULL,
  `to_user_id` int unsigned NOT NULL,
  `from_user_id` int unsigned NOT NULL,
  `titel` varchar(45) DEFAULT NULL,
  `text` varchar(256) DEFAULT NULL,
  `file_id` int unsigned DEFAULT NULL,
  `at_create` datetime NOT NULL DEFAULT CURRENT_TIMESTAMP,
  `at_delete` datetime DEFAULT NULL,
  `start_event` datetime DEFAULT NULL,
  `finish_event` datetime DEFAULT NULL,
  PRIMARY KEY (`id`),
  KEY `fk_status_id_idx` (`status_event_id`),
  KEY `fk_event_user_id_to_idx` (`to_user_id`),
  KEY `fk_event_user_id_from_idx` (`from_user_id`),
  KEY `fk_event_files_idx` (`file_id`),
  CONSTRAINT `fk_event_files` FOREIGN KEY (`file_id`) REFERENCES `files` (`id`),
  CONSTRAINT `fk_event_user_id_from` FOREIGN KEY (`from_user_id`) REFERENCES `user` (`id`),
  CONSTRAINT `fk_event_user_id_to` FOREIGN KEY (`to_user_id`) REFERENCES `user` (`id`),
  CONSTRAINT `fk_status_id` FOREIGN KEY (`status_event_id`) REFERENCES `status_event` (`id`)
) ENGINE=InnoDB AUTO_INCREMENT=101 DEFAULT CHARSET=utf8;
/*!40101 SET character_set_client = @saved_cs_client */;

--
-- Dumping data for table `event`
--

LOCK TABLES `event` WRITE;
/*!40000 ALTER TABLE `event` DISABLE KEYS */;
INSERT INTO `event` VALUES (1,2,74,35,'laboriosam','Non beatae delectus quo.',58,'2019-03-19 08:22:04',NULL,NULL,NULL),(2,2,61,34,'vel','Incidunt eum vero quidem non.',87,'1974-07-24 18:22:45',NULL,'2009-05-06 20:16:49',NULL),(3,3,33,3,'necessitatibus','Aut atque autem ea.',88,'1977-12-01 20:03:11','2012-06-29 17:48:17','2018-06-06 11:33:20','1973-03-16 23:13:33'),(4,1,34,81,'voluptatibus','Rerum et veniam qui dolores.',35,'2015-06-08 14:50:26',NULL,NULL,NULL),(5,1,57,74,'facere','Ab consequatur placeat culpa.',49,'1973-06-25 10:22:33','1981-11-25 07:27:45',NULL,NULL),(6,1,39,9,'velit','Doloribus vel dicta sit.',61,'2015-07-26 06:27:07','2005-05-11 10:11:08',NULL,NULL),(7,4,63,97,'accusamus','Nemo sit ipsam doloremque.',42,'1981-10-29 07:13:51',NULL,NULL,NULL),(8,1,78,79,'velit','Temporibus quo sunt animi.',50,'2008-04-14 21:52:59',NULL,'1998-06-27 15:47:01','2019-09-17 12:36:15'),(9,3,14,7,'laudantium','Ut eum ullam enim quo quia.',85,'2019-02-07 20:17:21','2018-03-03 09:29:59','2000-08-18 07:52:43',NULL),(10,3,41,71,'fugiat','Est aut quasi quae.',28,'2002-04-29 19:27:48','1993-06-08 07:16:02','2017-01-20 19:15:54',NULL),(11,3,74,15,'mollitia','Quia dolor placeat sint fuga.',77,'2021-03-25 12:11:04','1991-02-24 00:28:04','1974-07-01 03:47:04','1978-03-05 06:15:08'),(12,1,95,12,'quisquam','Distinctio aut non aut et.',14,'2007-05-05 20:03:01',NULL,NULL,NULL),(13,3,85,62,'maxime','Est voluptas non id atque.',76,'1985-11-13 12:18:25',NULL,NULL,NULL),(14,1,70,36,'voluptas','Similique tenetur quo est.',14,'1990-03-15 10:24:47',NULL,'1979-01-08 14:09:57',NULL),(15,2,33,55,'suscipit','Voluptatem unde ea porro.',35,'1994-08-28 22:55:59','1987-08-10 02:01:17',NULL,NULL),(16,1,34,84,'illum','Distinctio maiores sit neque.',61,'1977-06-11 12:24:06',NULL,NULL,NULL),(17,2,91,45,'qui','Dignissimos ut sit vel.',21,'1992-06-11 01:10:10',NULL,'1987-12-11 06:08:31','1999-12-12 04:06:57'),(18,2,16,48,'inventore','Ex ex hic nam mollitia et.',4,'1991-04-03 04:43:27','1970-05-12 14:06:59',NULL,NULL),(19,4,63,80,'unde','Sequi ea facere et facere.',96,'2016-09-13 22:25:36',NULL,NULL,NULL),(20,3,91,9,'architecto','Nemo earum facilis qui quam.',10,'1971-06-28 18:33:50','1991-12-11 01:13:31','2015-08-11 19:37:07','2019-02-07 20:04:06'),(21,4,71,85,'odit','Illo iure et animi qui.',99,'2015-04-08 04:33:17','1970-08-06 07:30:03','1971-08-21 19:52:47','1998-10-04 12:32:03'),(22,2,21,13,'id','Aut dolorem ex earum eveniet.',74,'1996-12-16 11:41:54',NULL,NULL,NULL),(23,3,67,8,'atque','Vero aut est et dolore.',62,'2012-09-19 01:26:33',NULL,NULL,NULL),(24,4,91,23,'repudiandae','Dolorem rem minus nostrum et.',47,'2009-08-14 02:15:00','2004-10-07 00:49:41',NULL,NULL),(25,4,68,67,'quaerat','Est aut cum libero.',12,'1977-08-23 02:00:43',NULL,'1998-01-18 18:16:04','1988-07-27 05:35:45'),(26,4,14,15,'provident','Praesentium debitis modi non.',72,'2010-07-08 19:21:35','1980-05-08 02:19:49',NULL,NULL),(27,4,94,68,'omnis','Qui libero minima vero et.',34,'2010-02-07 12:45:38','2012-10-12 09:06:10','1982-03-13 13:38:38',NULL),(28,4,77,43,'nihil','Nemo sunt quibusdam ut totam.',61,'2018-07-12 22:18:13','2005-10-25 20:22:26',NULL,NULL),(29,2,28,59,'ullam','Culpa saepe ut ut voluptatem.',88,'2006-03-28 00:26:34','1973-07-29 13:44:40','2007-12-31 18:20:57','1991-02-18 05:39:32'),(30,2,72,61,'eius','Et nihil ut sed at animi.',100,'1976-07-15 01:27:04','1999-04-24 01:32:22','1986-06-07 21:29:10',NULL),(31,2,68,62,'alias','Est aut qui et ipsum hic.',39,'1978-11-04 01:15:32','1989-04-13 12:43:31',NULL,NULL),(32,3,84,85,'aliquam','Quis qui id accusamus ut.',40,'1972-12-10 02:59:38','1990-07-07 23:19:47','2004-12-21 18:31:43','1990-06-11 14:28:58'),(33,3,51,51,'sunt','Ad totam ullam ut id et.',34,'2012-05-05 22:13:41','2008-05-31 17:58:26',NULL,NULL),(34,3,65,5,'voluptatem','Nobis quibusdam aliquid ut.',41,'2020-09-13 11:27:12','2011-02-20 02:39:42',NULL,NULL),(35,3,72,74,'perferendis','Eius culpa illum ipsum sint.',44,'2002-04-01 03:15:52','2006-10-15 21:32:36',NULL,NULL),(36,2,17,4,'veniam','Ipsa illo cum a odit qui.',95,'1981-08-02 08:48:51',NULL,'1982-03-21 21:19:59','1973-08-03 16:46:57'),(37,2,63,83,'voluptatem','Sunt vitae ut enim aut.',92,'2005-04-24 10:55:00',NULL,NULL,NULL),(38,2,44,91,'doloremque','Quis quos ea deleniti animi.',73,'1990-06-10 21:39:13','1996-10-21 10:29:37','2021-01-12 08:02:57',NULL),(39,1,52,11,'veritatis','Eos nam omnis a qui.',70,'1971-03-02 00:45:49',NULL,NULL,NULL),(40,2,95,9,'vero','Ad fugit ut sit aut.',86,'2001-03-06 21:13:05','2003-07-02 11:37:04',NULL,NULL),(41,2,59,19,'nostrum','Esse dolores quis qui neque.',9,'1997-04-07 13:28:44',NULL,NULL,NULL),(42,1,24,50,'sit','Eos non omnis neque adipisci.',83,'1979-01-26 01:02:18','1982-05-31 09:35:10','1992-10-19 15:04:47','1986-12-17 05:00:17'),(43,4,23,26,'sed','Non placeat ea et sunt.',44,'1977-10-19 22:37:51','2004-04-30 19:58:04','2003-11-11 16:53:22','1980-08-07 08:44:26'),(44,2,30,39,'natus','Sint ut non officiis aut et.',84,'1976-11-11 03:07:03',NULL,'1978-05-21 12:41:02',NULL),(45,4,21,75,'et','Soluta dignissimos omnis at.',27,'1995-06-22 02:08:02','1971-12-27 22:35:53',NULL,NULL),(46,3,66,99,'molestiae','Molestiae impedit quis esse.',75,'1998-12-16 13:08:58',NULL,'2017-04-04 21:14:04',NULL),(47,1,9,45,'cupiditate','Unde sed aut quasi sunt.',53,'2005-11-15 09:43:01',NULL,NULL,NULL),(48,1,54,39,'aut','Et vel provident dolore.',48,'2009-11-20 14:13:12',NULL,'2017-06-13 12:30:21',NULL),(49,1,57,57,'qui','Fuga provident hic modi.',36,'1995-10-14 12:08:40',NULL,'2021-03-15 13:00:15',NULL),(50,4,6,19,'et','Quo et aliquid autem hic.',76,'1985-06-16 16:16:06',NULL,'2003-10-03 02:24:18','1978-08-24 10:55:24'),(51,2,45,19,'architecto','Ipsa aut assumenda nulla.',68,'2020-08-08 11:08:42',NULL,NULL,NULL),(52,3,57,51,'odio','Facere soluta et quia et.',67,'1994-01-29 03:12:58',NULL,'2017-08-24 02:19:53','2017-05-08 00:11:05'),(53,4,26,93,'accusantium','Ullam ratione qui facilis.',42,'1978-07-10 08:01:52',NULL,'1981-08-13 18:51:02','1995-10-12 07:12:25'),(54,4,92,17,'voluptatem','Et fuga vel quod nobis enim.',8,'1987-01-01 04:14:18','2019-01-19 14:17:44','2013-01-24 05:30:13',NULL),(55,4,61,60,'sit','Quia doloribus beatae minima.',3,'1976-06-15 13:14:39',NULL,'2019-12-22 23:09:26',NULL),(56,1,98,51,'consequatur','Cum omnis et vitae omnis est.',26,'1989-06-11 07:39:14',NULL,NULL,NULL),(57,3,7,62,'error','Enim earum quia nostrum.',35,'2012-03-31 14:08:38',NULL,NULL,NULL),(58,1,80,11,'est','Non eos libero aperiam.',41,'2009-04-25 00:32:13','2019-08-06 20:31:53','1985-03-12 16:14:33','1994-02-09 19:40:06'),(59,1,29,9,'et','Nisi nam ut officiis tenetur.',98,'1978-02-22 10:32:50','1999-01-31 13:00:56',NULL,NULL),(60,4,60,64,'sit','Ipsum aliquam sint nobis.',63,'1972-02-09 12:10:27',NULL,'2001-09-09 17:00:35','1980-02-17 00:48:04'),(61,4,57,5,'quod','Aut mollitia harum quod.',76,'2005-01-18 17:29:42','1973-06-06 04:53:41','1972-08-05 08:51:28','2020-11-15 15:27:24'),(62,2,21,83,'expedita','Et inventore magni dicta rem.',48,'2005-08-05 18:08:44','2011-08-21 04:55:01','1980-04-05 07:13:44','2005-09-27 09:26:52'),(63,4,43,50,'ut','Eum quia est rem quas.',95,'1983-04-10 21:53:32','1996-01-01 09:30:53','2002-08-14 03:42:37',NULL),(64,2,1,20,'omnis','Velit nisi et quibusdam.',95,'1985-04-08 07:14:26','2015-06-05 02:53:53','2010-12-06 00:29:05','1998-03-05 23:51:33'),(65,1,81,30,'alias','Omnis enim aut et eveniet.',20,'1990-12-08 02:57:13',NULL,'2007-05-30 04:18:19',NULL),(66,3,40,60,'iusto','Non fugiat et nulla.',85,'2000-06-17 02:49:56',NULL,NULL,NULL),(67,3,69,82,'explicabo','Enim dolor quo quos.',54,'2005-04-26 00:55:43','1981-11-21 22:41:14','1993-11-19 03:52:11','2020-06-29 10:15:38'),(68,2,46,17,'et','Sit id architecto et ducimus.',14,'2018-03-01 20:55:23',NULL,NULL,NULL),(69,1,22,89,'facilis','Est amet sed ullam eum.',51,'1998-03-08 20:09:17',NULL,NULL,NULL),(70,2,72,98,'qui','Earum ex et enim nam saepe.',23,'1995-10-19 06:36:52',NULL,'2009-12-24 00:11:10',NULL),(71,1,48,17,'ratione','Soluta est quos vitae sed.',54,'2007-01-27 20:53:07',NULL,'1999-11-13 08:37:06',NULL),(72,2,36,49,'aut','Et iure architecto qui ullam.',55,'2006-01-26 17:29:33',NULL,'1986-03-18 09:47:17','1988-06-04 01:55:57'),(73,1,78,74,'voluptate','Aliquam iste velit qui hic.',78,'2015-02-05 10:28:36','1998-04-06 09:44:07',NULL,NULL),(74,1,34,62,'vel','Maxime debitis tempora et.',86,'1980-02-08 11:33:06','1984-03-22 15:45:41',NULL,NULL),(75,1,43,39,'assumenda','Et molestiae et aut.',31,'2017-06-05 05:23:08',NULL,NULL,NULL),(76,4,56,45,'voluptates','Ut culpa aut quibusdam.',91,'2014-06-17 23:09:51',NULL,NULL,NULL),(77,4,33,41,'officiis','Quis modi architecto unde.',18,'1992-03-20 22:12:26','1987-06-28 18:42:16','2015-02-13 11:39:42','2020-01-02 00:11:44'),(78,1,39,40,'aut','Dolorem ab velit sed.',19,'2014-03-19 18:15:28','1991-03-16 21:05:28','2012-04-26 23:03:53','1996-06-17 15:44:37'),(79,4,57,73,'non','Pariatur voluptas et quis.',34,'1975-10-21 10:09:15','2001-12-03 06:18:39','2015-11-12 10:26:06','1973-04-25 12:34:05'),(80,4,21,88,'corrupti','Totam aut est nihil.',9,'1989-10-24 19:48:53','1977-03-27 06:18:19',NULL,NULL),(81,4,62,87,'et','Soluta et et quo.',15,'1971-04-06 20:40:21',NULL,NULL,NULL),(82,4,48,100,'sed','Aut aut maiores porro vitae.',98,'2005-08-27 02:22:00',NULL,'1981-12-09 18:54:34','1993-02-09 12:15:17'),(83,4,39,28,'dolor','Aut aut rerum qui in.',79,'2015-04-21 23:04:02','1972-07-19 22:54:25',NULL,NULL),(84,4,73,70,'explicabo','Earum iste placeat non.',71,'1974-10-10 17:50:55','1994-05-12 01:29:40','1992-01-06 23:25:18','1985-12-24 21:14:42'),(85,1,11,89,'vitae','Veniam est eos mollitia quia.',10,'2015-08-12 17:31:21',NULL,NULL,NULL),(86,2,29,28,'deleniti','Est dolorem nihil voluptates.',35,'1989-07-25 03:21:19',NULL,'1996-08-29 12:34:35',NULL),(87,4,100,69,'labore','Ut quos ea eos.',78,'1991-12-15 09:11:54','2000-08-16 14:33:58',NULL,NULL),(88,1,56,86,'quia','Rerum sed sed nam aut dicta.',19,'1986-02-09 23:04:38',NULL,NULL,NULL),(89,1,73,33,'autem','Ad quis dolor sit.',13,'1995-10-20 02:06:06','2018-05-13 21:43:17',NULL,NULL),(90,1,33,10,'impedit','Vel fuga placeat esse eum.',11,'1993-05-28 14:04:31','2020-05-11 19:11:58','1997-06-27 12:27:29','1995-05-14 09:54:25'),(91,3,38,90,'et','Autem nihil sit beatae non.',66,'1974-07-08 22:19:33','1988-07-18 10:00:35','1985-04-07 04:22:38','1985-09-16 09:54:34'),(92,1,59,37,'a','Nisi est nisi odio.',15,'2003-07-22 19:47:35','2004-12-01 10:57:31',NULL,NULL),(93,3,26,24,'id','Nihil qui facilis est.',18,'1977-11-09 01:46:38',NULL,NULL,NULL),(94,3,52,53,'sit','Quia eos ut sunt odit et.',39,'2011-01-18 08:18:17','1994-09-23 14:16:40','2018-10-26 18:12:49',NULL),(95,3,21,16,'amet','Sit magnam unde velit vel.',72,'1983-09-11 06:26:26','2000-09-10 14:18:46',NULL,NULL),(96,4,2,90,'nobis','Nihil tempora eaque fugiat.',94,'2003-09-24 04:45:55',NULL,NULL,NULL),(97,3,23,7,'rerum','Quis qui deleniti sint sed.',94,'2018-11-30 08:10:05',NULL,'2001-01-21 16:15:31','2004-05-01 04:39:13'),(98,3,16,4,'quia','Impedit ut voluptas ut.',27,'1996-02-24 17:25:21','1986-11-20 00:54:51','1973-05-21 00:10:06',NULL),(99,3,93,92,'odio','Eum aut omnis aut est.',63,'1994-03-11 08:33:33','1994-09-12 18:28:44',NULL,NULL),(100,3,28,77,'deserunt','Odio est tempora ut.',21,'1994-08-08 08:42:31','2017-06-22 11:36:04',NULL,NULL);
/*!40000 ALTER TABLE `event` ENABLE KEYS */;
UNLOCK TABLES;

--
-- Table structure for table `files`
--

DROP TABLE IF EXISTS `files`;
/*!40101 SET @saved_cs_client     = @@character_set_client */;
/*!50503 SET character_set_client = utf8mb4 */;
CREATE TABLE `files` (
  `id` int unsigned NOT NULL AUTO_INCREMENT,
  `id_type` int unsigned NOT NULL,
  `name` varchar(45) NOT NULL,
  `at_upload` datetime NOT NULL DEFAULT CURRENT_TIMESTAMP,
  `at_delete` datetime DEFAULT NULL,
  PRIMARY KEY (`id`),
  KEY `fk_file_type_idx` (`id_type`),
  CONSTRAINT `fk_file_type` FOREIGN KEY (`id_type`) REFERENCES `files_type` (`id`)
) ENGINE=InnoDB AUTO_INCREMENT=101 DEFAULT CHARSET=utf8;
/*!40101 SET character_set_client = @saved_cs_client */;

--
-- Dumping data for table `files`
--

LOCK TABLES `files` WRITE;
/*!40000 ALTER TABLE `files` DISABLE KEYS */;
INSERT INTO `files` VALUES (1,3,'molestias','2009-03-30 00:18:13','2000-02-16 08:21:07'),(2,2,'nobis','1992-11-19 18:30:40',NULL),(3,4,'omnis','1973-01-02 01:22:14',NULL),(4,2,'culpa','2001-09-07 00:55:52','2011-10-10 08:34:13'),(5,4,'ullam','1980-01-20 17:40:38',NULL),(6,3,'occaecati','2005-07-25 17:31:38',NULL),(7,1,'nostrum','2002-07-24 03:13:05','1970-09-14 21:15:48'),(8,3,'maxime','1982-05-08 04:33:01','1983-09-06 05:01:49'),(9,2,'libero','1983-01-14 02:59:51','2011-10-30 23:32:44'),(10,3,'facilis','1983-02-24 12:56:08',NULL),(11,2,'aut','1994-05-12 13:07:48',NULL),(12,2,'similique','2009-05-14 06:29:39','2016-02-10 09:38:20'),(13,2,'occaecati','2012-09-29 06:48:47',NULL),(14,3,'aut','2000-03-15 00:24:32','1982-11-17 19:28:32'),(15,1,'eos','2017-03-29 19:07:56','1991-01-17 15:09:38'),(16,1,'magni','1998-02-18 09:15:13','2011-10-19 19:06:25'),(17,4,'consectetur','1976-08-29 07:05:12','2002-10-20 07:48:07'),(18,2,'illo','2007-08-27 06:51:46',NULL),(19,3,'deleniti','1996-03-31 06:27:49','1983-07-04 06:56:27'),(20,3,'et','2015-10-19 05:50:17',NULL),(21,3,'distinctio','1996-07-10 00:42:35','1977-05-02 03:28:33'),(22,4,'quae','1971-04-04 14:45:52',NULL),(23,1,'dolorem','2001-04-25 14:04:39','1980-06-23 00:53:04'),(24,4,'ad','2003-01-29 16:50:09','1993-12-12 07:09:58'),(25,3,'aperiam','1987-04-07 11:13:36','1982-06-18 14:24:21'),(26,1,'ea','2017-06-21 05:43:27','1980-11-22 11:18:34'),(27,2,'doloribus','1983-11-08 18:55:53','1991-01-04 20:54:28'),(28,4,'ea','1970-12-16 12:57:22','1977-06-18 09:32:17'),(29,4,'et','2013-12-14 05:00:43',NULL),(30,3,'ea','2010-12-27 01:03:01','2007-04-21 02:25:54'),(31,1,'molestias','1977-04-10 15:33:12',NULL),(32,2,'repudiandae','2008-07-02 13:42:32',NULL),(33,4,'quia','1992-07-25 07:17:48',NULL),(34,1,'labore','1983-09-28 05:53:06',NULL),(35,4,'aut','1973-05-16 23:54:28','1976-11-15 06:11:39'),(36,3,'adipisci','1974-05-19 08:32:58','2018-10-17 14:34:55'),(37,3,'corrupti','2006-11-22 17:52:41',NULL),(38,4,'iure','1979-07-14 17:23:14',NULL),(39,1,'qui','1971-07-14 06:12:33',NULL),(40,1,'iusto','2020-05-02 12:03:17',NULL),(41,3,'consectetur','1979-12-17 13:18:08',NULL),(42,3,'mollitia','1970-10-17 19:22:09','2010-02-08 08:12:38'),(43,3,'rerum','2003-08-12 00:44:24','2009-11-26 02:00:31'),(44,4,'odit','2000-01-23 13:55:56',NULL),(45,2,'ipsam','1988-02-15 03:20:43',NULL),(46,3,'laboriosam','1990-03-06 10:32:56',NULL),(47,4,'sit','2014-12-09 00:54:58',NULL),(48,1,'minus','1991-03-23 05:52:10','2009-02-11 13:43:18'),(49,1,'quos','1977-03-21 01:39:38','1988-11-07 01:43:58'),(50,3,'et','2006-09-01 04:23:49',NULL),(51,3,'pariatur','2013-05-01 10:33:29',NULL),(52,3,'et','1982-06-14 12:33:25','1971-02-14 02:03:03'),(53,2,'eaque','2011-07-06 23:09:06','1970-03-17 23:41:33'),(54,4,'ipsa','2001-03-20 00:13:34',NULL),(55,3,'libero','1979-03-18 23:03:48',NULL),(56,1,'vel','1972-07-22 23:32:22','1996-09-27 02:02:23'),(57,4,'rem','1997-03-09 16:53:18','1973-03-12 02:40:18'),(58,4,'cupiditate','1980-09-11 18:55:51',NULL),(59,1,'explicabo','1970-10-24 17:41:05',NULL),(60,4,'inventore','1978-11-26 23:06:22',NULL),(61,3,'nesciunt','2003-12-24 15:12:07','1970-02-19 12:08:27'),(62,1,'voluptas','2009-02-14 14:47:26',NULL),(63,1,'odit','2012-05-23 09:41:52',NULL),(64,2,'velit','1998-05-13 03:43:42',NULL),(65,2,'tempora','1997-06-08 10:44:22','2003-01-02 12:58:30'),(66,1,'quam','2000-12-14 16:23:01',NULL),(67,1,'laudantium','1980-08-29 02:48:38','1971-09-23 19:10:41'),(68,4,'error','1981-06-01 00:14:18',NULL),(69,1,'veniam','2019-01-31 18:45:55','2010-01-05 00:19:48'),(70,1,'aliquam','1988-01-18 21:12:42','1994-02-12 17:42:36'),(71,1,'quia','1986-04-19 19:18:10','2014-09-23 08:58:12'),(72,3,'voluptate','1991-11-03 12:14:16','1996-09-14 18:23:19'),(73,3,'perferendis','1987-09-14 21:33:12',NULL),(74,4,'et','2007-04-28 21:18:03',NULL),(75,2,'placeat','1999-06-01 18:35:45',NULL),(76,4,'dolorem','1987-02-10 03:06:30','1998-02-13 09:25:59'),(77,2,'dolor','1981-07-21 13:20:55',NULL),(78,1,'nihil','1981-01-01 23:02:00','1970-10-29 01:52:03'),(79,1,'qui','2019-07-08 03:23:16',NULL),(80,3,'impedit','2000-01-01 10:10:11',NULL),(81,4,'assumenda','2016-10-24 17:57:06','1972-07-31 07:46:47'),(82,3,'provident','1983-01-21 23:17:35','2018-10-31 20:38:20'),(83,1,'est','1995-08-27 12:19:12',NULL),(84,1,'et','2008-01-28 02:32:00','1994-03-29 02:16:38'),(85,2,'amet','1971-01-19 00:09:03',NULL),(86,4,'aliquam','1982-05-18 13:33:16','1976-05-14 14:30:04'),(87,2,'et','1976-06-06 21:52:04',NULL),(88,1,'amet','1977-07-29 14:29:55',NULL),(89,3,'omnis','1980-02-27 00:07:21','2020-04-28 04:09:09'),(90,2,'velit','2018-08-26 00:37:26',NULL),(91,4,'sit','1996-07-28 18:42:05','2005-11-04 04:25:04'),(92,1,'eius','2005-03-21 07:06:37','2001-06-30 11:38:53'),(93,2,'optio','2002-11-18 18:40:39','2013-05-31 21:52:24'),(94,1,'nihil','2009-03-07 01:03:16','2002-09-04 19:18:34'),(95,3,'quam','1982-07-31 03:47:08',NULL),(96,3,'quasi','1977-02-17 23:20:29',NULL),(97,1,'tenetur','1999-02-21 08:16:23','1971-08-26 08:44:18'),(98,3,'eum','2002-07-20 06:39:53',NULL),(99,3,'in','2001-05-06 18:58:10',NULL),(100,1,'sunt','2015-07-23 00:02:45','1976-07-08 17:46:46');
/*!40000 ALTER TABLE `files` ENABLE KEYS */;
UNLOCK TABLES;

--
-- Table structure for table `files_type`
--

DROP TABLE IF EXISTS `files_type`;
/*!40101 SET @saved_cs_client     = @@character_set_client */;
/*!50503 SET character_set_client = utf8mb4 */;
CREATE TABLE `files_type` (
  `id` int unsigned NOT NULL AUTO_INCREMENT,
  `name` varchar(45) NOT NULL,
  PRIMARY KEY (`id`)
) ENGINE=InnoDB AUTO_INCREMENT=5 DEFAULT CHARSET=utf8;
/*!40101 SET character_set_client = @saved_cs_client */;

--
-- Dumping data for table `files_type`
--

LOCK TABLES `files_type` WRITE;
/*!40000 ALTER TABLE `files_type` DISABLE KEYS */;
INSERT INTO `files_type` VALUES (1,'txt'),(2,'mp3'),(3,'avi'),(4,'img');
/*!40000 ALTER TABLE `files_type` ENABLE KEYS */;
UNLOCK TABLES;

--
-- Table structure for table `massege_email`
--

DROP TABLE IF EXISTS `massege_email`;
/*!40101 SET @saved_cs_client     = @@character_set_client */;
/*!50503 SET character_set_client = utf8mb4 */;
CREATE TABLE `massege_email` (
  `id` int unsigned NOT NULL AUTO_INCREMENT,
  `text_email` varchar(256) NOT NULL,
  `user_id` int unsigned NOT NULL,
  `from_email` varchar(45) NOT NULL,
  `file_id` int unsigned DEFAULT NULL,
  `at_create` datetime NOT NULL DEFAULT CURRENT_TIMESTAMP,
  PRIMARY KEY (`id`),
  KEY `fk_message_user_id_idx` (`user_id`),
  KEY `fk_massege_files_idx` (`file_id`),
  CONSTRAINT `fk_massege_files` FOREIGN KEY (`file_id`) REFERENCES `files` (`id`),
  CONSTRAINT `fk_message_user_id` FOREIGN KEY (`user_id`) REFERENCES `user` (`id`)
) ENGINE=InnoDB AUTO_INCREMENT=41 DEFAULT CHARSET=utf8;
/*!40101 SET character_set_client = @saved_cs_client */;

--
-- Dumping data for table `massege_email`
--

LOCK TABLES `massege_email` WRITE;
/*!40000 ALTER TABLE `massege_email` DISABLE KEYS */;
INSERT INTO `massege_email` VALUES (1,'Omnis soluta dolor esse sit.',85,'enos23@example.org',1,'1981-06-08 22:08:29'),(2,'Et dolor qui quas earum.',1,'zjast@example.org',2,'1988-12-05 15:57:43'),(3,'Facilis quia error cum.',24,'bessie63@example.net',3,'2006-04-21 07:14:06'),(4,'Et veniam ut suscipit enim.',62,'agusikowski@example.net',4,'1979-09-11 05:49:30'),(5,'Et asperiores soluta sit vel.',57,'hodkiewicz.anissa@example.org',5,'1987-06-21 04:31:53'),(6,'Ipsam molestiae quia sed et.',53,'koelpin.santa@example.com',6,'1996-12-18 14:29:47'),(7,'Ut ut nihil neque.',79,'waino.gulgowski@example.net',7,'1980-02-10 04:35:45'),(8,'At a tempora vitae.',41,'bettye19@example.com',8,'1984-02-19 12:55:16'),(9,'Velit soluta est doloremque.',25,'elody26@example.com',9,'1973-09-01 07:20:27'),(10,'Libero quae velit et at.',11,'alvina.gerhold@example.net',10,'1976-04-24 03:15:43'),(11,'Rerum voluptatem aut magnam.',78,'oglover@example.com',11,'1990-12-19 05:00:52'),(12,'Voluptas sint debitis et.',76,'weissnat.trycia@example.net',12,'2009-02-26 19:34:14'),(13,'Placeat qui tenetur ut.',34,'frippin@example.net',13,'2015-11-07 15:15:42'),(14,'Facere harum sunt quis at.',73,'barmstrong@example.com',14,'1993-08-07 02:37:30'),(15,'Aut quia eum rerum.',26,'sharon.miller@example.org',15,'1985-07-05 01:29:44'),(16,'Quo commodi sed corporis in.',87,'tobin.kling@example.org',16,'1994-01-04 09:19:57'),(17,'Ipsum nisi libero sit.',36,'zparisian@example.org',17,'2012-09-09 00:35:21'),(18,'Deleniti aliquam eos ea.',66,'kaleb.will@example.org',18,'2015-04-09 10:05:37'),(19,'Sed odio beatae nisi ullam.',63,'lesch.nolan@example.com',19,'2002-07-01 15:35:39'),(20,'Id veniam quis minus ea.',59,'norene50@example.com',20,'2017-04-24 04:31:56'),(21,'Nostrum sunt est cum.',16,'xthompson@example.org',21,'2020-01-26 15:57:06'),(22,'Nobis fugit sunt sint.',73,'tfeeney@example.net',22,'1989-12-06 11:16:11'),(23,'Rem quas odio voluptate id.',22,'abdullah.boyle@example.com',23,'1993-09-01 13:33:01'),(24,'Animi officia non eos.',64,'odickens@example.net',24,'1979-12-16 05:41:47'),(25,'In sit perspiciatis qui.',56,'solon07@example.com',25,'1983-08-02 22:52:31'),(26,'Quam nisi aut dolor.',98,'theodore.stoltenberg@example.com',26,'2002-11-12 03:33:33'),(27,'Placeat enim aliquid et.',76,'kessler.grover@example.org',27,'2016-03-07 11:18:38'),(28,'Ut tempore atque quo.',31,'lucile48@example.net',28,'1981-01-18 09:27:14'),(29,'Odit atque rerum iure rem.',86,'gussie.o\'keefe@example.org',29,'2009-04-06 01:02:36'),(30,'Id et nihil minima quae eius.',29,'dianna47@example.com',30,'1989-05-30 03:01:47'),(31,'Id totam non omnis quo aut.',72,'laisha.bartoletti@example.org',31,'1995-04-12 16:55:43'),(32,'Eveniet nesciunt et eius eos.',70,'elissa11@example.com',32,'1978-12-27 23:50:54'),(33,'Velit vel earum aliquid.',30,'qpredovic@example.net',33,'1999-02-05 11:41:05'),(34,'Consequatur et culpa sed.',95,'evans53@example.org',34,'1980-02-09 07:01:47'),(35,'Fugit et ut sed provident.',31,'feest.evalyn@example.net',35,'2011-01-13 21:12:29'),(36,'Voluptate modi amet et nihil.',87,'wendy00@example.com',36,'2010-01-14 09:17:27'),(37,'Tenetur omnis ea qui.',48,'yundt.elmira@example.net',37,'2006-01-21 02:08:22'),(38,'Et vitae hic dolorem.',10,'felicita42@example.com',38,'1984-10-14 15:43:29'),(39,'Ad odit rem est iure qui.',27,'taylor.pacocha@example.org',39,'2018-01-08 05:46:29'),(40,'Omnis repellendus ex alias.',72,'chauncey95@example.net',40,'1970-12-26 03:52:09');
/*!40000 ALTER TABLE `massege_email` ENABLE KEYS */;
UNLOCK TABLES;

--
-- Table structure for table `profile`
--

DROP TABLE IF EXISTS `profile`;
/*!40101 SET @saved_cs_client     = @@character_set_client */;
/*!50503 SET character_set_client = utf8mb4 */;
CREATE TABLE `profile` (
  `id` int unsigned NOT NULL,
  `first_name` varchar(45) NOT NULL,
  `last_name` varchar(45) DEFAULT NULL,
  `avatar_id` int unsigned DEFAULT NULL,
  `inner_number` bigint unsigned NOT NULL,
  `birthday` date DEFAULT NULL,
  `date_update` datetime DEFAULT NULL,
  PRIMARY KEY (`id`),
  KEY `fk_files_id_idx` (`avatar_id`),
  CONSTRAINT `fk_files_profile` FOREIGN KEY (`avatar_id`) REFERENCES `files` (`id`),
  CONSTRAINT `fk_id_profile` FOREIGN KEY (`id`) REFERENCES `user` (`id`) ON DELETE CASCADE ON UPDATE CASCADE
) ENGINE=InnoDB DEFAULT CHARSET=utf8;
/*!40101 SET character_set_client = @saved_cs_client */;

--
-- Dumping data for table `profile`
--

LOCK TABLES `profile` WRITE;
/*!40000 ALTER TABLE `profile` DISABLE KEYS */;
INSERT INTO `profile` VALUES (1,'Reynold','Emard',32,3042,'1998-05-04',NULL),(2,'Heath','Walsh',39,1952,'1975-08-02','2015-05-02 06:41:55'),(3,'Delores','Maggio',18,446,'1993-05-13',NULL),(4,'Edythe','Ratke',18,43,'2016-10-21','2007-08-29 02:44:18'),(5,'Mattie','Bode',64,166,'2008-06-20','1995-08-12 14:00:00'),(6,'Arnold','Walter',22,2048,'1978-05-28',NULL),(7,'Chester','Kunde',8,1394,'1979-03-04',NULL),(8,'Daniela','Leuschke',80,1797,'2006-03-15',NULL),(9,'Kelly','Flatley',38,2859,'2004-12-29','2008-06-14 04:04:53'),(10,'Maverick','Ritchie',71,1308,'2002-03-11',NULL),(11,'Kory','Cummings',83,2659,'1980-10-25',NULL),(12,'Burley','Hoppe',81,581,'1972-01-23','1981-12-05 05:54:21'),(13,'Felicita','Dach',74,1519,'2001-03-22',NULL),(14,'Desmond','Gutkowski',88,2250,'2001-10-13','2006-07-23 23:56:22'),(15,'Keshawn','Rowe',28,828,'2016-09-10','2004-07-14 18:19:52'),(16,'Edmond','Botsford',35,3441,'2017-11-20',NULL),(17,'Mekhi','Spencer',65,3406,'2021-01-11',NULL),(18,'Kyra','Eichmann',76,1469,'2013-06-04','1983-05-30 10:06:44'),(19,'Jamal','Hickle',4,3042,'2018-04-05',NULL),(20,'Elinor','Gusikowski',57,2846,'1992-02-26','2004-12-21 20:19:18'),(21,'Rahsaan','Buckridge',25,1116,'1998-06-14',NULL),(22,'Anya','Zboncak',84,2291,'1971-12-09','1970-07-23 19:46:43'),(23,'Hassie','Metz',27,2043,'2014-01-05','2011-07-14 18:14:35'),(24,'Holden','Goodwin',12,3459,'2005-05-20',NULL),(25,'Kaycee','Haag',82,2533,'1971-10-24','2005-08-01 00:04:00'),(26,'Shanelle','Murazik',64,76,'2008-02-27','1980-03-31 09:21:23'),(27,'Aubrey','Jones',75,819,'1987-03-18','2016-04-22 13:48:27'),(28,'Ruth','Parisian',26,3316,'2010-10-31',NULL),(29,'Sandrine','Jacobs',89,3047,'1980-01-09','1987-11-06 22:45:20'),(30,'Jonathon','Zemlak',22,1412,'2008-08-09','1970-07-26 14:58:41'),(31,'Shawna','McCullough',30,1607,'2007-11-11','1989-05-09 22:38:54'),(32,'Erwin','Schowalter',20,1821,'2012-01-09','2011-08-31 18:30:15'),(33,'Marta','Ryan',62,922,'2008-05-04',NULL),(34,'Benedict','Lehner',42,3062,'1991-12-30',NULL),(35,'Crawford','Pfeffer',17,1788,'1971-03-10','1999-04-23 08:57:01'),(36,'Marion','Kemmer',56,2547,'1998-12-07',NULL),(37,'Jaeden','Orn',93,2518,'1976-07-22',NULL),(38,'Noah','Corkery',10,991,'2006-03-01','2006-08-31 23:17:53'),(39,'Francis','Olson',38,2414,'1981-01-06','2005-10-09 04:42:49'),(40,'Jadyn','Purdy',78,253,'2002-06-15','2020-07-18 09:20:43'),(41,'Brooke','Ondricka',50,2784,'1989-09-06','1976-08-17 02:14:55'),(42,'Hollie','Robel',21,2143,'1980-02-03',NULL),(43,'Columbus','Bartoletti',66,3253,'1970-08-30',NULL),(44,'Vilma','Schultz',23,1303,'1992-04-16','1971-06-02 07:57:21'),(45,'Annabell','White',45,1355,'2001-05-26',NULL),(46,'Tyreek','Abshire',80,115,'1997-02-23',NULL),(47,'Arielle','Ward',36,3316,'1982-04-23','2010-12-18 11:59:23'),(48,'Willy','DuBuque',88,2901,'2018-11-09','2000-09-05 16:32:50'),(49,'Unique','Ortiz',73,189,'1980-01-07','2004-08-28 10:04:50'),(50,'Eldon','Wuckert',90,825,'1993-11-08',NULL),(51,'Boris','Stamm',25,2012,'2011-06-29','2018-10-11 14:59:45'),(52,'Ignatius','Wolff',35,535,'1978-04-15','2013-08-19 00:12:57'),(53,'Myrna','Kshlerin',60,1961,'1992-01-01','2006-02-18 06:04:23'),(54,'Addie','Lubowitz',49,2156,'2017-10-12','1980-10-21 20:23:26'),(55,'Alfreda','Kovacek',99,272,'1971-02-01','2019-11-24 16:50:03'),(56,'Bradford','Bednar',87,470,'1990-02-17',NULL),(57,'Neha','Grimes',24,1575,'2001-06-07',NULL),(58,'Verla','Rice',57,1506,'2018-11-14',NULL),(59,'Amelie','O\'Hara',68,57,'1998-09-01','2006-05-16 00:30:44'),(60,'Mia','Weimann',22,495,'2004-06-22','1988-08-17 20:56:44'),(61,'Elvera','Ruecker',52,2624,'2003-05-25',NULL),(62,'Hildegard','Fadel',46,2126,'1998-04-20','1973-07-04 21:06:24'),(63,'Eldred','Zieme',6,1313,'2015-07-09',NULL),(64,'Maurice','Lueilwitz',89,3093,'1980-01-15','1979-08-13 02:36:40'),(65,'Reggie','Kunze',97,3049,'1999-12-23',NULL),(66,'Jayme','Sporer',5,2330,'1998-09-03',NULL),(67,'Mohammad','Crona',5,3317,'1985-03-04','2007-03-01 03:18:33'),(68,'Josiane','Smitham',66,3295,'1974-01-29',NULL),(69,'Herminia','Davis',17,1909,'1978-01-09','1991-01-02 07:33:00'),(70,'Clemmie','Boyle',83,1059,'1971-03-29',NULL),(71,'Raina','Mills',16,1219,'1984-04-08',NULL),(72,'Maud','Koelpin',91,2127,'2000-02-19',NULL),(73,'Natalia','Mohr',9,1371,'1993-07-18',NULL),(74,'Aliza','Lehner',80,2900,'1985-01-18','2007-03-09 09:05:28'),(75,'Paul','Streich',54,2207,'2004-10-26',NULL),(76,'Haylee','Rosenbaum',67,3066,'2009-10-18','1980-08-03 20:06:33'),(77,'Bonita','Towne',64,1465,'2010-08-31','1999-02-26 05:25:42'),(78,'Norbert','Willms',1,2319,'1977-04-18',NULL),(79,'Trudie','Rowe',19,3170,'1991-08-07','2020-04-15 11:03:33'),(80,'Carmella','Eichmann',15,2466,'1981-06-03','2017-02-04 02:14:09'),(81,'Elyse','Jaskolski',79,2795,'2014-12-09',NULL),(82,'Christa','Waelchi',10,43,'1972-07-19','1971-11-28 23:10:27'),(83,'Roman','Moen',66,3088,'2020-06-09','2005-02-04 22:36:01'),(84,'Damaris','Greenholt',49,1475,'1983-07-02','1994-10-05 21:18:58'),(85,'Sim','Lueilwitz',67,1103,'2018-01-09',NULL),(86,'Herminia','Bernier',35,2493,'1971-04-17','1992-10-14 22:23:21'),(87,'Colby','Fisher',18,2170,'1996-05-04',NULL),(88,'Berenice','Gleason',87,1800,'1979-04-21','2012-07-10 07:25:02'),(89,'Jaycee','Haag',37,505,'1999-02-09','2014-06-16 03:57:45'),(90,'Teagan','Leffler',43,1502,'2020-02-07','1982-06-25 20:21:28'),(91,'Elian','Barrows',34,3406,'2006-03-19',NULL),(92,'Tracy','Schumm',19,1906,'1984-03-11',NULL),(93,'Daphnee','Hilpert',79,488,'1999-10-02',NULL),(94,'Lemuel','Ebert',80,2471,'2013-09-11',NULL),(95,'Seth','Maggio',99,2195,'2011-06-05','1970-10-01 11:47:42'),(96,'Mattie','Sawayn',74,1871,'2000-11-01',NULL),(97,'Kamren','Erdman',18,890,'1992-07-28','1985-04-13 10:45:09'),(98,'Mohamed','Rippin',5,1528,'2005-08-31','1990-01-11 01:38:53'),(99,'Kobe','Waelchi',44,1317,'1971-09-30',NULL),(100,'Jerrell','Kovacek',85,51,'2017-06-25',NULL);
/*!40000 ALTER TABLE `profile` ENABLE KEYS */;
UNLOCK TABLES;

--
-- Table structure for table `status_event`
--

DROP TABLE IF EXISTS `status_event`;
/*!40101 SET @saved_cs_client     = @@character_set_client */;
/*!50503 SET character_set_client = utf8mb4 */;
CREATE TABLE `status_event` (
  `id` int unsigned NOT NULL AUTO_INCREMENT,
  `status` varchar(45) DEFAULT NULL,
  PRIMARY KEY (`id`)
) ENGINE=InnoDB AUTO_INCREMENT=5 DEFAULT CHARSET=utf8;
/*!40101 SET character_set_client = @saved_cs_client */;

--
-- Dumping data for table `status_event`
--

LOCK TABLES `status_event` WRITE;
/*!40000 ALTER TABLE `status_event` DISABLE KEYS */;
INSERT INTO `status_event` VALUES (1,'finish'),(2,'assigned'),(3,'begin'),(4,'pause');
/*!40000 ALTER TABLE `status_event` ENABLE KEYS */;
UNLOCK TABLES;

--
-- Table structure for table `time_work`
--

DROP TABLE IF EXISTS `time_work`;
/*!40101 SET @saved_cs_client     = @@character_set_client */;
/*!50503 SET character_set_client = utf8mb4 */;
CREATE TABLE `time_work` (
  `id` int unsigned NOT NULL AUTO_INCREMENT,
  `user_id` int unsigned NOT NULL,
  `time_login` datetime NOT NULL DEFAULT CURRENT_TIMESTAMP COMMENT 'Время начала работы',
  `time_logout` datetime DEFAULT NULL COMMENT 'Время окончания работы',
  PRIMARY KEY (`id`),
  KEY `fk_work_user_id_idx` (`user_id`),
  CONSTRAINT `fk_work_user_id` FOREIGN KEY (`user_id`) REFERENCES `user` (`id`)
) ENGINE=InnoDB AUTO_INCREMENT=31 DEFAULT CHARSET=utf8;
/*!40101 SET character_set_client = @saved_cs_client */;

--
-- Dumping data for table `time_work`
--

LOCK TABLES `time_work` WRITE;
/*!40000 ALTER TABLE `time_work` DISABLE KEYS */;
INSERT INTO `time_work` VALUES (1,33,'2004-03-11 21:03:12','2004-05-21 06:09:06'),(2,64,'1995-10-21 06:22:23','2008-01-21 11:02:23'),(3,63,'2014-02-10 06:54:51','2014-06-13 03:29:19'),(4,94,'1997-12-23 17:18:44','1997-12-25 18:48:40'),(5,66,'2014-09-08 15:36:12','2014-09-09 23:28:03'),(6,24,'2014-11-19 22:52:25','2014-11-20 16:42:19'),(7,95,'1986-12-08 18:29:14','2006-04-12 12:44:16'),(8,92,'1983-11-27 01:46:05','1998-06-30 05:10:04'),(9,86,'1990-05-11 03:00:33','2011-08-01 05:24:00'),(10,18,'2005-03-13 22:59:21','2005-04-14 22:31:16'),(11,52,'2020-12-14 19:03:17','2020-12-25 00:33:32'),(12,38,'1983-08-05 17:35:16','1983-08-29 11:21:34'),(13,13,'2015-07-09 03:48:39','2015-07-09 12:41:26'),(14,71,'1988-04-15 03:28:16','2004-05-29 21:27:14'),(15,45,'2002-08-22 09:30:43','2002-08-28 10:23:19'),(16,21,'2007-06-16 07:48:26','2007-11-19 13:08:16'),(17,15,'1997-08-22 21:42:50','2006-05-06 01:11:03'),(18,70,'1984-05-31 15:41:42','2005-01-10 13:25:46'),(19,94,'2003-09-25 19:49:08','2003-09-26 00:10:43'),(20,22,'2010-01-30 19:50:11','2010-02-05 06:34:14'),(21,12,'2002-11-06 15:10:15','2002-11-09 18:11:42'),(22,55,'1984-03-20 03:56:45','1994-05-18 05:15:24'),(23,17,'1990-11-09 04:58:59','1990-11-14 01:46:05'),(24,39,'2005-06-02 06:15:06','2010-12-14 23:52:25'),(25,48,'1992-07-15 02:57:54','1992-07-18 13:39:17'),(26,81,'1979-03-01 12:10:34','2005-10-06 01:15:40'),(27,90,'2006-04-14 15:30:48','2014-01-22 19:25:45'),(28,1,'2016-11-05 02:11:14','2016-11-05 23:12:47'),(29,93,'2019-11-10 01:15:18','2019-11-10 03:16:40'),(30,58,'1979-11-02 08:20:09','2019-03-23 09:14:26');
/*!40000 ALTER TABLE `time_work` ENABLE KEYS */;
UNLOCK TABLES;

--
-- Table structure for table `user`
--

DROP TABLE IF EXISTS `user`;
/*!40101 SET @saved_cs_client     = @@character_set_client */;
/*!50503 SET character_set_client = utf8mb4 */;
CREATE TABLE `user` (
  `id` int unsigned NOT NULL AUTO_INCREMENT,
  `email` varchar(45) NOT NULL,
  `number` bigint NOT NULL,
  `pass` varchar(45) NOT NULL,
  `at_create` datetime DEFAULT CURRENT_TIMESTAMP,
  `at_delete` datetime DEFAULT NULL,
  PRIMARY KEY (`id`),
  UNIQUE KEY `number_UNIQUE` (`number`),
  UNIQUE KEY `email_UNIQUE` (`email`)
) ENGINE=InnoDB AUTO_INCREMENT=101 DEFAULT CHARSET=utf8;
/*!40101 SET character_set_client = @saved_cs_client */;

--
-- Dumping data for table `user`
--

LOCK TABLES `user` WRITE;
/*!40000 ALTER TABLE `user` DISABLE KEYS */;
INSERT INTO `user` VALUES (1,'ben09@example.org',13427,'6e67c430f9277dc4c72caf5a257c721c4ac819b9','1992-05-11 17:14:31','2011-09-22 20:32:11'),(2,'rocky06@example.com',71,'ed110ceaf24c122edb6d17192a945fb5cbd8525a','2007-02-15 01:06:52','2007-04-10 01:22:08'),(3,'onie05@example.net',71319267,'4826b769e111bbdd6f1697e3ba95b1d4af9e2bb2','2010-06-11 21:08:07','2014-12-29 20:44:12'),(4,'olin42@example.net',0,'f770412eb3eb6ef45d8211a069abce13ab04b9d7','1987-11-19 00:07:24','2006-05-28 07:25:18'),(5,'jraynor@example.com',9731,'5a36057c44cfc72ebcc047fc3ad5c6f7c80aedee','1994-03-03 13:02:46','1995-10-07 21:29:12'),(6,'corkery.mona@example.net',1451265,'14cd380c299614bc7c1d78108d9ae6cfd71f8013','2008-10-07 16:21:11','2019-04-07 21:37:55'),(7,'sarina.deckow@example.org',6,'a0a177205fd0b516e7107a66f1e4ef1202061daa','1998-05-24 21:29:27','1999-10-14 22:44:49'),(8,'herman.nannie@example.net',4,'1a102c4449cad80b9369151c4c834f2562d3f4c1','1977-10-25 17:54:48','2007-12-24 21:37:27'),(9,'stiedemann.jean@example.org',8,'4ce83c587b28852a38820589b2c2fda7db23a4f4','2000-06-20 07:40:34','2010-02-11 01:31:08'),(10,'bgibson@example.org',5,'5d5048781c1d0809ef06f9cd24a6c09ee7ec9b8c','2020-11-04 09:49:31','2021-02-12 16:49:18'),(11,'deondre.murphy@example.com',22819,'a9035a4f381058f4ac683589d341bf3474b4a0a4','1982-11-02 09:22:54','1983-10-15 13:22:16'),(12,'layla.schulist@example.net',324069,'4837d0bd9b913a0b8d01950764f1ee3537cd3c7f','2010-05-21 02:04:19','2011-05-31 07:38:55'),(13,'nhane@example.org',78748,'09634f2e1f073e684c5fff08178ae2b5939ff211','1998-10-11 19:36:25','1999-06-08 06:48:22'),(14,'thiel.maurine@example.net',3,'8d7aab33f234db9e4049bc789210a1249b877fd0','1992-12-06 03:45:46','1993-11-17 19:01:20'),(15,'hpurdy@example.org',417,'770950e702b20963ec1ff018a17b4bee74613616','2017-12-05 08:07:48','2018-03-24 01:30:15'),(16,'qkoch@example.org',157897060,'3e69490f6c62f6e11f893bad30b5265e3d5eef7a','1970-07-19 22:56:10','1988-01-27 01:19:03'),(17,'schoen.godfrey@example.com',54511,'ba29e3690ea27fef039b8e6c7a07d0423ab3b439','2001-05-16 06:09:22','2010-09-24 22:05:29'),(18,'jovanny.cummerata@example.net',685,'1066528f9558c56913c7000f0a878bbc1c10594e','2006-02-17 08:22:39','2014-06-18 05:57:14'),(19,'dee37@example.com',3820,'71eadff650bc74c540c4859e2f41dbfd964ea651','1984-07-22 04:08:23','2000-05-25 17:16:20'),(20,'mireya57@example.org',52594450,'1315297f06117fa5e29e9c5e172d255dba2cbe6c','1998-08-25 09:55:04','1999-12-31 10:57:10'),(21,'cletus55@example.net',1315,'6e772119028840185e7ea04b75be9a5f668af875','2020-12-22 22:43:33','2021-05-16 17:03:25'),(22,'hyatt.kamryn@example.org',9304568,'4aed03821bb547f164bbfca7f174a0f067aabeae','1991-09-07 14:53:07','1992-11-06 07:41:44'),(23,'karen33@example.com',9786,'f6eaedea75572a62101458d3b4e06417d9148f25','2012-06-03 00:57:36','2012-10-17 05:50:03'),(24,'white.ed@example.net',193,'5a0479d830211a6ecca3195c3644f98ecc125f5d','2013-03-01 03:27:38','2013-07-29 16:45:51'),(25,'larissa20@example.org',970581965,'1944a198e10285a4705c299b1f0d08835d7d4f74','1985-03-14 13:59:57','2019-11-19 20:45:13'),(26,'goodwin.tabitha@example.net',266183,'ec9c656396a4a5018857d424241d2884e79d19f2','2001-03-05 17:31:10','2001-09-20 20:23:51'),(27,'aaliyah74@example.org',4424,'1a73c1b010255af235288a058f1ccc036d605dd7','1998-09-07 16:24:19','1999-07-25 20:02:50'),(28,'kyler.mante@example.net',97,'79f47b2c8333719c31ad823e9dd2d74160f838af','1993-03-12 16:42:54','2000-12-21 11:49:06'),(29,'bpagac@example.org',94068049,'60259dc39121a32e54535c01d0cf61065a4cfdf1','1994-11-09 02:52:49','2002-07-28 18:58:10'),(30,'goodwin.agnes@example.net',83261,'907f6a2a0b072ca5a74410a74897344de33a6a84','1970-06-01 13:26:55','1977-10-07 08:50:47'),(31,'adam26@example.org',33,'dd2ca83a19acf1bc3678c0897fbe3a5c0c1cb149','1981-09-10 06:31:00','1989-11-22 23:48:00'),(32,'zaria.welch@example.org',347,'8231c4c24895af2561c0dafa0b1ecdfe94e9e057','2012-01-05 04:07:28','2013-01-14 02:40:36'),(33,'lemke.bette@example.net',6427,'8cd4fb81ddb6e3ad1729238d5ead10379918b547','1990-05-22 21:44:32','2014-04-17 11:46:53'),(34,'carolina.stracke@example.org',147092,'2d9520c115f3df448e2b2bca731016282ab61be1','2017-04-15 07:00:42','2018-07-31 13:47:11'),(35,'will.cathryn@example.net',7810587,'249b2deb5cdb313e614144b82afef8eaba646902','1978-01-08 15:33:57','2019-05-29 00:09:01'),(36,'dakota37@example.net',783918967,'23f41afe386c1a454d2772c5fe330149b75bcf1f','1995-06-02 00:13:04','1996-12-15 17:37:33'),(37,'jast.harmony@example.org',4422382,'93a9b628241a4db2334c9930c4581a4ab691ebd4','2007-05-25 06:38:16','2008-12-19 03:39:42'),(38,'flittle@example.net',4066724,'763c3268068a33d7408a550036c5106d7fb68919','1995-04-13 20:23:08','2009-05-03 00:42:37'),(39,'stehr.angelo@example.com',75973,'f6d09f7395425a879024526a0833157ecc822ee3','2018-02-18 07:06:57','2019-06-13 08:35:10'),(40,'myrtice75@example.com',869032,'d06611b5672876bef0af355d2e9be8a7d3e0f385','1973-01-20 05:27:01','1995-10-10 20:18:52'),(41,'sammy88@example.net',1913,'fbc71ca12dde58e6b68755285495a65a8dc1d9b4','2008-12-17 06:15:29','2009-11-04 07:18:30'),(42,'yundt.antonette@example.com',2,'9751f2eaa8b3677c768c11ee6d75ff25d182d70e','2013-10-22 04:36:23','2014-04-04 16:16:04'),(43,'shields.ken@example.net',89,'da978d9484bb6ced7ede3d1e63170e83c40f022c','2006-05-13 05:07:13','2007-11-06 04:06:17'),(44,'daphney94@example.com',482388623,'6b976c3b010d7eec4f4a8091401478ff62fef84b','2020-02-26 19:06:26','2021-11-20 09:03:31'),(45,'selena.kreiger@example.org',53444961,'0241487c6dad33bee5e394ccb96ea425e917ad36','2019-10-12 22:33:19','2020-02-27 17:39:50'),(46,'daphnee51@example.org',989573,'3ab6d5fd1e6ac9f0e879bb869e789b40e8e9b5d3','1977-12-09 13:11:28','2002-02-24 20:31:25'),(47,'dan47@example.com',5528750,'f2151d4e55f9bf76a60d34e583d19611019efbcd','1982-10-08 08:47:52','1983-10-13 03:01:42'),(48,'corkery.liana@example.org',563111597,'18fd4e65d223fc518763b0d8685113f412d59f33','2015-05-09 04:37:56','2016-05-02 16:32:12'),(49,'danika24@example.org',4572,'6b22a5ce1b519cca5c6906c3eb6650047a6a47a1','2004-10-07 07:03:06','2009-03-16 12:00:51'),(50,'hubert.schmidt@example.com',8762957,'764fc663020740efdea20a028dda2db15fad8d7f','1992-04-19 20:31:55','2009-05-27 16:38:14'),(51,'vmonahan@example.net',602566,'79747a18a182c62d8a0dec9f9b7d37b280277f98','1983-03-05 06:18:36','2008-03-21 00:29:56'),(52,'turcotte.maribel@example.net',9051390,'3390e2df39a4155bddbaf6e814742a27b81ba8ce','1989-10-08 14:53:12','1990-12-01 07:17:56'),(53,'xnikolaus@example.org',1704,'896d04e327d706aa1e78e404bae030fbc62643d6','1996-07-10 01:40:14','2000-04-21 05:24:22'),(54,'araceli.harber@example.com',567,'998375158f2b3dfaba9ea63e70a3b06415a286d2','2015-09-22 15:45:02','2016-04-24 20:04:17'),(55,'ndouglas@example.org',40421,'6af6823879929d6843adfb2fd21be57f3a79e4bb','2006-12-28 20:05:48','2007-10-30 09:55:51'),(56,'fritsch.elvis@example.com',6027,'78326555cfab060a669e683ed4181e1f8e875d2a','1982-08-11 08:22:30','2020-06-06 02:57:57'),(57,'bogisich.aleen@example.org',70131,'0042b5c937cb88b23efb78e58c7a6e16998841b3','2015-04-15 04:03:13','2016-08-28 00:36:17'),(58,'hosea50@example.org',607981,'bc4c8e0ed2f8cb8d0e5889f7a0f93fc77814bdec','2005-04-04 02:20:47','2006-01-06 18:47:08'),(59,'dibbert.flossie@example.com',93,'8c781232a3ea4d534cb4262cc8b758ce225eaffa','2000-11-23 00:20:31','2015-12-12 07:07:19'),(60,'chuel@example.org',58874811,'dd4a231d0ce5230c0ee282f54ef1d7bca0f737e4','2005-01-29 20:57:24','2006-05-08 07:50:17'),(61,'arnoldo83@example.net',601326909,'b305b430d279af51d1fa6380e997b296162d83c0','2004-02-01 06:01:24','2011-02-08 11:44:30'),(62,'eschoen@example.net',29532906,'257506d5c06a2bb37a2c5cdc6f99a802e7896d96','2016-05-12 09:35:02','2017-10-18 19:25:11'),(63,'jessy.wunsch@example.com',474459,'fd45102b87886ffd632e103141813fc9fab361ec','2011-04-27 15:35:26','2011-06-27 01:54:49'),(64,'percival14@example.net',3573,'f2200c9eb236c68dadce5e721630ef2fed8d41cd','2013-03-06 00:21:22','2014-06-02 08:35:18'),(65,'zortiz@example.net',862,'be9396deaed66985e9798c87e45cadf37d2acc3d','2002-04-18 10:53:44','2003-10-12 05:59:25'),(66,'laurine.gerhold@example.com',31,'90af9bc601d0d80b871edd623b0262c71a4895f3','1973-08-16 05:03:06','1990-11-05 09:42:37'),(67,'alf85@example.com',454035491,'e1ac8bfc4fd4c52b23712b595bf5da7febf4f03b','2012-12-04 15:50:47','2013-11-26 21:08:56'),(68,'whitney11@example.org',2395233,'bc5f05e5ad29c22781c9364fdf7995cde158d628','1988-07-18 14:34:14','1997-07-26 17:24:07'),(69,'fmertz@example.org',711415,'f3fcd609a9bb3f519ca923c446c44226caf9bc2e','1985-09-10 11:47:52','2000-02-06 02:21:00'),(70,'tauer@example.org',5331290,'e89681ada851028dabf05aea90eddcd49c0ff7d8','1994-03-27 01:08:54','1995-07-01 15:47:20'),(71,'saul84@example.com',89252300,'f64401175c2a0d7fafe193f42f2b449d3ffb5d37','2006-12-08 11:06:13','2006-12-26 20:54:27'),(72,'theo04@example.net',1013075,'b84023fb480373dc7cd594e92bee86b855d3343e','1994-01-27 15:32:36','1995-01-23 13:43:08'),(73,'summer.veum@example.org',23,'45a424391a82ac7b24ea4c9d4a60b96b1ed61f81','1995-06-22 08:13:37','1996-04-25 12:35:48'),(74,'schaefer.maymie@example.org',590,'b7e87ea321299d9b45d691d7d9f1e155772f473c','1981-05-25 07:40:15','1998-09-20 04:53:23'),(75,'shayne.rolfson@example.net',86,'250a6fefd31d511c15f19f61938dcf3acfa878f6','2020-01-12 08:40:35','2021-04-11 17:12:23'),(76,'angus69@example.com',1,'5321f3d833775df9dc4ab4711ea6733779c97f39','1970-03-21 19:40:34','1984-01-14 03:05:24'),(77,'remington97@example.com',8463986,'d0c76429853611d4dcef2824d94df1d3ab0da150','1996-04-12 23:06:05','2020-06-15 14:20:51'),(78,'hgoldner@example.org',45,'883b2c54dba7fec776d179f54566c91f6b48d464','1970-09-13 05:26:50','2014-05-25 23:50:16'),(79,'casper28@example.net',44807728,'52206fedd990c6e39706d671c65cbcd4bcdd2524','1984-06-15 04:09:46','2015-09-30 18:21:13'),(80,'finn.will@example.net',503200,'5e89f660caf680f35795303950e38b5b542f2014','1989-01-09 22:03:07','1994-04-28 17:36:36'),(81,'darius.bashirian@example.com',9504794,'df23252022cb9f4ad612f98c56ebd18bc657e25a','2014-03-09 12:29:41','2015-01-23 19:00:05'),(82,'torp.gus@example.org',32387,'729cbaed8b10932ffa8570f6409a0796aeac74b0','1995-11-30 04:17:36','1996-06-20 13:57:55'),(83,'dgraham@example.com',96312026,'4ec2a56e83c007ed2ea9bfbbc9adbdededc6372b','2006-07-13 23:09:07','2017-08-19 18:51:39'),(84,'corine12@example.com',54083163,'c91a28347d092be610d1f578fda2d59e2f90086c','1999-06-03 01:44:32','2000-11-10 05:51:33'),(85,'zflatley@example.net',45948,'84e04b4fed30f64a3db98e4093c5443ae254f1da','1972-02-23 00:17:43','2002-08-27 05:01:41'),(86,'krystal.schinner@example.net',98619516,'791bf1f0bd9c10c15947123f0c5cf8c464022b68','1976-06-06 15:50:50','1982-05-07 21:22:00'),(87,'robert.herman@example.org',8654,'4f19582307ebca6af3bb017ec1cefbb0b36c3554','2019-09-06 20:42:55','2020-01-04 17:17:36'),(88,'bartoletti.charley@example.com',120463,'4465a202e2124cbe6d88b419cd75c15f2e365a9a','1988-12-24 05:10:57','1989-10-18 10:39:46'),(89,'gerlach.dariana@example.net',517081,'e0bcb35d77a21dc157b13942c525daf5548ceb83','2020-09-12 10:31:44','2021-02-01 16:41:03'),(90,'rippin.barton@example.com',459409,'565a71494e5cdce86ac8828bbbf7276b3462c61b','2000-03-28 22:22:45','2001-09-22 17:01:02'),(91,'eberge@example.org',3690,'928c25b6864eb3285c5230426491c03d05cdfbbe','2010-01-09 02:40:21','2011-11-18 17:29:40'),(92,'jordi97@example.com',86189,'93e93ccfcfe675f599980d8c691e6d82f7c2d7ad','1993-05-03 22:56:29','1994-04-13 02:17:27'),(93,'leopoldo.heaney@example.org',386,'92c2fc3d3d1c514591b5d255e28796da50d0a78a','2017-08-09 21:07:34','2018-03-17 10:41:07'),(94,'botsford.mertie@example.net',829,'1f993a3b72b1603453593fc08a11d3d39172de17','2019-08-10 22:23:05','2020-08-01 18:07:16'),(95,'nkub@example.org',15,'a8612d06edb706d548d14e07cdc5979db93ec461','1976-01-25 02:45:25','1986-04-16 19:16:50'),(96,'annalise.feest@example.net',31969,'49dbc0ec7d39fb11549e36495e2d0ada4795393e','1990-03-02 14:51:56','1991-04-08 17:40:33'),(97,'guy42@example.net',989460989,'34f4e9ef2201f48ec647909bcc700f019611016c','1979-12-02 00:01:33','2010-08-01 17:48:56'),(98,'vita61@example.net',6215,'77d3a012e5a9e8f298a39019d19132a7fd11458f','1990-07-07 10:17:36','1991-05-25 00:04:59'),(99,'hammes.ayana@example.org',444230,'b989a74938f96e9a4530f2517db5c325d8b07680','2001-07-09 16:18:22','2002-02-07 21:43:12'),(100,'violette.boyle@example.org',32167,'1f007c903184aaf5c046d629d82bda835abf4632','2008-11-27 04:44:45','2010-06-27 01:30:52');
/*!40000 ALTER TABLE `user` ENABLE KEYS */;
UNLOCK TABLES;

--
-- Temporary view structure for view `work_time_all_users`
--

DROP TABLE IF EXISTS `work_time_all_users`;
/*!50001 DROP VIEW IF EXISTS `work_time_all_users`*/;
SET @saved_cs_client     = @@character_set_client;
/*!50503 SET character_set_client = utf8mb4 */;
/*!50001 CREATE VIEW `work_time_all_users` AS SELECT 
 1 AS `user_id`,
 1 AS `date`,
 1 AS `time_login`,
 1 AS `time_logout`,
 1 AS `time_coffebrake_start`,
 1 AS `time_coffebrake_end`,
 1 AS `concat_ws(' ',p.first_name , p.last_name)`*/;
SET character_set_client = @saved_cs_client;

--
-- Final view structure for view `call`
--

/*!50001 DROP VIEW IF EXISTS `call`*/;
/*!50001 SET @saved_cs_client          = @@character_set_client */;
/*!50001 SET @saved_cs_results         = @@character_set_results */;
/*!50001 SET @saved_col_connection     = @@collation_connection */;
/*!50001 SET character_set_client      = utf8mb4 */;
/*!50001 SET character_set_results     = utf8mb4 */;
/*!50001 SET collation_connection      = utf8mb4_0900_ai_ci */;
/*!50001 CREATE ALGORITHM=UNDEFINED */
/*!50013 DEFINER=`root`@`localhost` SQL SECURITY DEFINER */
/*!50001 VIEW `call` AS select `c`.`id` AS `id`,`c`.`to_user_id` AS `id_to`,concat_ws(' ',`p`.`first_name`,`p`.`last_name`) AS `name`,`c`.`from_user_id` AS `id_from`,`c`.`at_start_call` AS `date_call`,sec_to_time((cast(`c`.`at_start_call` as time) - cast(`c`.`at_end_call` as time))) AS `time_call`,(select `profile`.`inner_number` from `profile` where (`profile`.`id` = `id_from`)) AS `call_inner_number`,`c`.`from_number` AS `call_number` from (`calls` `c` left join `profile` `p` on((`c`.`to_user_id` = `p`.`id`))) */;
/*!50001 SET character_set_client      = @saved_cs_client */;
/*!50001 SET character_set_results     = @saved_cs_results */;
/*!50001 SET collation_connection      = @saved_col_connection */;

--
-- Final view structure for view `count_event`
--

/*!50001 DROP VIEW IF EXISTS `count_event`*/;
/*!50001 SET @saved_cs_client          = @@character_set_client */;
/*!50001 SET @saved_cs_results         = @@character_set_results */;
/*!50001 SET @saved_col_connection     = @@collation_connection */;
/*!50001 SET character_set_client      = utf8mb4 */;
/*!50001 SET character_set_results     = utf8mb4 */;
/*!50001 SET collation_connection      = utf8mb4_0900_ai_ci */;
/*!50001 CREATE ALGORITHM=UNDEFINED */
/*!50013 DEFINER=`root`@`localhost` SQL SECURITY DEFINER */
/*!50001 VIEW `count_event` AS select `e`.`id` AS `id`,`et`.`status` AS `status_event`,`e`.`start_event` AS `start_event`,`e`.`finish_event` AS `finish_event`,(select concat(' ',`p`.`first_name`,`p`.`last_name`) from `profile` `p` where (`p`.`id` = `e`.`to_user_id`)) AS `to_user_name`,(select `p`.`inner_number` from `profile` `p` where (`p`.`id` = `e`.`to_user_id`)) AS `to_user_inner_number`,(select concat(' ',`p`.`first_name`,`p`.`last_name`) from `profile` `p` where (`p`.`id` = `e`.`from_user_id`)) AS `from_user_name`,(select `p`.`inner_number` from `profile` `p` where (`p`.`id` = `e`.`from_user_id`)) AS `from_user_inner_number` from (`event` `e` left join `status_event` `et` on((`e`.`status_event_id` = `et`.`id`))) */;
/*!50001 SET character_set_client      = @saved_cs_client */;
/*!50001 SET character_set_results     = @saved_cs_results */;
/*!50001 SET collation_connection      = @saved_col_connection */;

--
-- Final view structure for view `work_time_all_users`
--

/*!50001 DROP VIEW IF EXISTS `work_time_all_users`*/;
/*!50001 SET @saved_cs_client          = @@character_set_client */;
/*!50001 SET @saved_cs_results         = @@character_set_results */;
/*!50001 SET @saved_col_connection     = @@collation_connection */;
/*!50001 SET character_set_client      = utf8mb4 */;
/*!50001 SET character_set_results     = utf8mb4 */;
/*!50001 SET collation_connection      = utf8mb4_0900_ai_ci */;
/*!50001 CREATE ALGORITHM=UNDEFINED */
/*!50013 DEFINER=`root`@`localhost` SQL SECURITY DEFINER */
/*!50001 VIEW `work_time_all_users` AS select `w`.`user_id` AS `user_id`,cast(`w`.`time_login` as date) AS `date`,cast(`w`.`time_login` as time) AS `time_login`,cast(`w`.`time_logout` as time) AS `time_logout`,cast(`c`.`time_coffebrake_start` as time) AS `time_coffebrake_start`,cast(`c`.`time_coffebrake_end` as time) AS `time_coffebrake_end`,concat_ws(' ',`p`.`first_name`,`p`.`last_name`) AS `concat_ws(' ',p.first_name , p.last_name)` from ((`time_work` `w` left join `coffe_brake` `c` on((`w`.`user_id` = `c`.`user_id`))) left join `profile` `p` on((`w`.`user_id` = `p`.`id`))) */;
/*!50001 SET character_set_client      = @saved_cs_client */;
/*!50001 SET character_set_results     = @saved_cs_results */;
/*!50001 SET collation_connection      = @saved_col_connection */;
/*!40103 SET TIME_ZONE=@OLD_TIME_ZONE */;

/*!40101 SET SQL_MODE=@OLD_SQL_MODE */;
/*!40014 SET FOREIGN_KEY_CHECKS=@OLD_FOREIGN_KEY_CHECKS */;
/*!40014 SET UNIQUE_CHECKS=@OLD_UNIQUE_CHECKS */;
/*!40101 SET CHARACTER_SET_CLIENT=@OLD_CHARACTER_SET_CLIENT */;
/*!40101 SET CHARACTER_SET_RESULTS=@OLD_CHARACTER_SET_RESULTS */;
/*!40101 SET COLLATION_CONNECTION=@OLD_COLLATION_CONNECTION */;
/*!40111 SET SQL_NOTES=@OLD_SQL_NOTES */;

-- Dump completed on 2021-04-04 19:38:59
